id,age,Дата первого занятия,Курс,М2
2538,11,28.02.2021,Unity,0
2615,12,14.02.2021,Unity,0
2643,14,21.02.2021,Веб-дизайн,1
2968,11,24.01.2021,Python Базовый,0
3014,15,14.03.2021,Веб-дизайн,1
3121,15,10.01.2021,Unity,0
4230,12,28.03.2021,Unity,0
4848,15,21.02.2021,Веб-дизайн,1
4893,14,28.03.2021,Веб-дизайн,0
4957,14,21.03.2021,Веб-дизайн,0
5867,14,10.01.2021,Unity,0
5910,11,14.03.2021,Веб-дизайн,1
6528,12,28.03.2021,Веб-дизайн,0
6552,,21.03.2021,Веб-дизайн,0
6583,11,10.01.2021,Веб-дизайн,0
6822,10,21.02.2021,Python Базовый,1
7130,11,21.03.2021,Python Базовый,0
7270,13,28.03.2021,Веб-дизайн,0
7463,,31.01.2021,Веб-дизайн,1
7623,12,10.01.2021,Веб-дизайн,0
7784,13,31.01.2021,Веб-дизайн,0
8347,11,28.03.2021,Python Базовый,0
8585,14,10.01.2021,Веб-дизайн,0
8625,13,07.02.2021,Python Базовый,1
8784,13,10.01.2021,Python Базовый,0
8809,14,10.01.2021,Python Базовый,0
8821,12,28.02.2021,Веб-дизайн,0
8929,14,10.01.2021,Unity,1
9023,,31.01.2021,Python Базовый,0
9068,13,10.01.2021,Python Базовый,0
9132,12,14.02.2021,Python Базовый,0
9166,13,24.01.2021,Веб-дизайн,1
9216,12,10.01.2021,Python Базовый,0
9422,12,10.01.2021,Unity,1
9425,14,10.01.2021,Веб-дизайн,1
9482,10,10.01.2021,Python Базовый,0
9541,14,31.01.2021,Веб-дизайн,1
9618,14,14.02.2021,Веб-дизайн,0
9723,,17.01.2021,Python Базовый,0
9785,,10.01.2021,Python Базовый,0
9795,10,10.01.2021,Python Базовый,0
9831,12,10.01.2021,Python Базовый,0
9859,12,10.01.2021,Python Базовый,0
9957,15,10.01.2021,Unity,0
9960,,10.01.2021,Python Базовый,0
9969,13,10.01.2021,Python Базовый,0
9987,,17.01.2021,Python Базовый,1
9998,12,10.01.2021,Веб-дизайн,0
10000,13,10.01.2021,Python Базовый,1
10019,13,10.01.2021,Веб-дизайн,0
10025,14,10.01.2021,Веб-дизайн,1
10034,12,17.01.2021,Python Базовый,0
10035,11,10.01.2021,Python Базовый,0
10041,15,10.01.2021,Веб-дизайн,0
10047,15,10.01.2021,Веб-дизайн,1
10052,11,10.01.2021,Python Базовый,1
10053,12,10.01.2021,Python Базовый,1
10056,,10.01.2021,Python Базовый,0
10070,12,17.01.2021,Python Базовый,1
10072,13,10.01.2021,Python Базовый,0
10078,11,10.01.2021,Python Базовый,0
10082,11,10.01.2021,Python Базовый,1
10098,13,10.01.2021,Python Базовый,0
10100,15,10.01.2021,Python Базовый,0
10101,14,10.01.2021,Python Базовый,1
10110,13,24.01.2021,Python Базовый,0
10111,12,10.01.2021,Python Базовый,0
10119,12,17.01.2021,Python Базовый,0
10132,14,17.01.2021,Python Базовый,0
10137,,17.01.2021,Python Базовый,1
10153,15,31.01.2021,Python Базовый,0
10159,12,21.02.2021,Unity,0
10160,13,17.01.2021,Python Базовый,1
10178,15,10.01.2021,Python Базовый,0
10184,14,17.01.2021,Python Базовый,1
10186,15,17.01.2021,Python Базовый,0
10187,14,10.01.2021,Веб-дизайн,0
10191,14,10.01.2021,Unity,0
10194,12,10.01.2021,Python Базовый,0
10195,14,10.01.2021,Веб-дизайн,0
10201,12,10.01.2021,Python Базовый,0
10212,13,28.02.2021,Веб-дизайн,0
10223,14,10.01.2021,Python Базовый,0
10230,15,10.01.2021,Python Базовый,1
10242,13,10.01.2021,Веб-дизайн,0
10254,16,17.01.2021,Веб-дизайн,1
10266,14,10.01.2021,Python Базовый,0
10269,13,28.03.2021,Веб-дизайн,0
10276,13,10.01.2021,Python Базовый,1
10281,13,10.01.2021,Python Базовый,0
10282,12,10.01.2021,Python Базовый,1
10291,13,17.01.2021,Python Базовый,0
10303,13,17.01.2021,Python Базовый,0
10318,13,17.01.2021,Python Базовый,0
10320,14,17.01.2021,Python Базовый,1
10325,14,07.02.2021,Unity,0
10328,16,10.01.2021,Unity,1
10329,13,10.01.2021,Веб-дизайн,1
10333,12,17.01.2021,Python Базовый,0
10340,14,17.01.2021,Python Базовый,1
10354,11,10.01.2021,Python Базовый,1
10355,12,10.01.2021,Python Базовый,0
10356,12,17.01.2021,Веб-дизайн,0
10357,12,17.01.2021,Python Базовый,1
10361,12,17.01.2021,Python Базовый,0
10369,,28.02.2021,Python Базовый,1
10399,12,17.01.2021,Python Базовый,0
10419,12,10.01.2021,Python Базовый,1
10425,13,10.01.2021,Python Базовый,0
10457,15,17.01.2021,Веб-дизайн,0
10461,,21.02.2021,Веб-дизайн,1
10468,15,17.01.2021,Веб-дизайн,0
10472,12,17.01.2021,Python Базовый,0
10476,12,17.01.2021,Python Базовый,0
10490,15,17.01.2021,Python Базовый,0
10492,11,17.01.2021,Python Базовый,0
10493,13,17.01.2021,Python Базовый,0
10502,15,31.01.2021,Python Базовый,0
10504,15,17.01.2021,Python Базовый,0
10507,12,24.01.2021,Python Базовый,0
10509,12,24.01.2021,Python Базовый,0
10528,14,17.01.2021,Python Базовый,0
10535,13,17.01.2021,Веб-дизайн,0
10542,16,10.01.2021,Веб-дизайн,0
10546,,17.01.2021,Веб-дизайн,0
10559,11,17.01.2021,Python Базовый,1
10563,12,17.01.2021,Python Базовый,0
10564,14,17.01.2021,Python Базовый,0
10567,12,17.01.2021,Python Базовый,1
10576,8,17.01.2021,Веб-дизайн,0
10581,14,17.01.2021,Unity,0
10583,,17.01.2021,Python Базовый,0
10595,11,17.01.2021,Python Базовый,0
10599,13,17.01.2021,Python Базовый,0
10607,16,10.01.2021,Веб-дизайн,0
10619,14,17.01.2021,Python Базовый,0
10623,12,17.01.2021,Python Базовый,0
10624,12,17.01.2021,Python Базовый,0
10625,17,17.01.2021,Unity,0
10631,,24.01.2021,Unity,1
10650,11,10.01.2021,Python Базовый,1
10661,12,17.01.2021,Веб-дизайн,1
10676,13,17.01.2021,Python Базовый,0
10677,12,17.01.2021,Python Базовый,0
10681,8,17.01.2021,Python Базовый,0
10683,10,17.01.2021,Python Базовый,0
10688,,17.01.2021,Python Базовый,0
10689,12,24.01.2021,Веб-дизайн,0
10698,12,17.01.2021,Python Базовый,0
10722,13,17.01.2021,Python Базовый,0
10726,15,17.01.2021,Unity,1
10731,12,17.01.2021,Python Базовый,0
10739,11,14.02.2021,Python Базовый,0
10740,16,10.01.2021,Unity,0
10754,12,28.03.2021,Веб-дизайн,0
10764,8,31.01.2021,Python Базовый,0
10769,11,10.01.2021,Python Базовый,0
10775,,17.01.2021,Python Базовый,0
10809,12,10.01.2021,Веб-дизайн,0
10814,16,17.01.2021,Python Базовый,0
10823,11,17.01.2021,Python Базовый,0
10843,17,24.01.2021,Веб-дизайн,0
10844,12,24.01.2021,Веб-дизайн,0
10849,15,17.01.2021,Веб-дизайн,1
10859,13,17.01.2021,Python Базовый,1
10874,12,24.01.2021,Python Базовый,0
10885,12,17.01.2021,Python Базовый,0
10899,12,10.01.2021,Python Базовый,0
10904,12,17.01.2021,Python Базовый,0
10908,13,17.01.2021,Python Базовый,0
10909,12,17.01.2021,Python Базовый,1
10914,12,17.01.2021,Python Базовый,0
10919,12,10.01.2021,Веб-дизайн,0
10927,13,10.01.2021,Веб-дизайн,0
10935,12,21.02.2021,Веб-дизайн,1
10936,15,17.01.2021,Python Базовый,0
10939,,17.01.2021,Python Базовый,0
10943,16,17.01.2021,Веб-дизайн,0
10949,14,17.01.2021,Python Базовый,0
10959,11,10.01.2021,Python Базовый,0
10961,14,10.01.2021,Python Базовый,0
10976,17,17.01.2021,Unity,0
10977,12,17.01.2021,Python Базовый,0
10989,12,10.01.2021,Python Базовый,0
10991,,17.01.2021,Веб-дизайн,1
10993,13,17.01.2021,Веб-дизайн,0
10996,11,17.01.2021,Веб-дизайн,0
11000,12,17.01.2021,Python Базовый,1
11002,15,24.01.2021,Unity,1
11003,14,17.01.2021,Python Базовый,1
11004,12,31.01.2021,Python Базовый,1
11005,10,24.01.2021,Python Базовый,1
11006,15,17.01.2021,Веб-дизайн,0
11019,12,24.01.2021,Веб-дизайн,1
11021,16,24.01.2021,Python Базовый,1
11023,14,17.01.2021,Python Базовый,0
11035,12,24.01.2021,Python Базовый,0
11048,11,24.01.2021,Python Базовый,0
11066,13,17.01.2021,Python Базовый,0
11072,12,24.01.2021,Python Базовый,0
11073,13,24.01.2021,Python Базовый,0
11087,12,24.01.2021,Python Базовый,0
11109,12,17.01.2021,Python Базовый,0
11117,12,24.01.2021,Python Базовый,0
11119,13,24.01.2021,Python Базовый,1
11124,14,24.01.2021,Python Базовый,0
11141,9,24.01.2021,Unity,0
11148,12,24.01.2021,Python Базовый,0
11155,13,24.01.2021,Python Базовый,0
11158,12,21.02.2021,Веб-дизайн,0
11165,14,24.01.2021,Python Базовый,1
11191,11,24.01.2021,Python Базовый,0
11198,12,17.01.2021,Python Базовый,0
11200,13,17.01.2021,Python Базовый,0
11210,14,24.01.2021,Веб-дизайн,0
11215,11,24.01.2021,Python Базовый,0
11217,12,17.01.2021,Python Базовый,0
11229,15,24.01.2021,Веб-дизайн,0
11245,12,24.01.2021,Python Базовый,0
11250,13,24.01.2021,Python Базовый,0
11266,16,31.01.2021,Python Базовый,0
11270,16,24.01.2021,Python Базовый,0
11276,14,24.01.2021,Python Базовый,0
11291,14,24.01.2021,Python Базовый,1
11293,15,31.01.2021,Unity,1
11306,12,17.01.2021,Python Базовый,1
11309,12,24.01.2021,Python Базовый,0
11316,14,24.01.2021,Python Базовый,1
11319,12,24.01.2021,Веб-дизайн,0
11322,12,21.02.2021,Python Базовый,0
11324,14,31.01.2021,Python Базовый,1
11337,11,24.01.2021,Python Базовый,0
11342,15,24.01.2021,Python Базовый,1
11344,14,31.01.2021,Python Базовый,1
11348,14,24.01.2021,Python Базовый,1
11350,13,24.01.2021,Python Базовый,1
11356,12,24.01.2021,Python Базовый,1
11357,13,24.01.2021,Python Базовый,0
11360,12,24.01.2021,Python Базовый,0
11365,14,24.01.2021,Python Базовый,0
11374,11,14.02.2021,Python Базовый,0
11378,15,24.01.2021,Python Базовый,0
11390,,24.01.2021,Python Базовый,0
11397,11,17.01.2021,Python Базовый,0
11417,,24.01.2021,Python Базовый,0
11427,13,24.01.2021,Python Базовый,0
11431,14,07.02.2021,Python Базовый,0
11438,15,31.01.2021,Unity,0
11448,12,31.01.2021,Python Базовый,1
11449,12,24.01.2021,Python Базовый,1
11452,15,24.01.2021,Веб-дизайн,0
11454,11,24.01.2021,Python Базовый,0
11457,14,24.01.2021,Python Базовый,0
11469,15,24.01.2021,Python Базовый,0
11470,12,24.01.2021,Python Базовый,0
11480,12,24.01.2021,Python Базовый,0
11482,11,07.02.2021,Python Базовый,0
11493,14,24.01.2021,Веб-дизайн,0
11498,13,24.01.2021,Python Базовый,1
11499,12,24.01.2021,Веб-дизайн,0
11506,14,24.01.2021,Python Базовый,0
11517,12,31.01.2021,Python Базовый,0
11523,14,24.01.2021,Python Базовый,1
11524,11,24.01.2021,Python Базовый,0
11529,13,24.01.2021,Python Базовый,1
11532,12,24.01.2021,Python Базовый,0
11536,14,24.01.2021,Python Базовый,0
11537,13,24.01.2021,Python Базовый,0
11538,11,24.01.2021,Python Базовый,0
11540,12,24.01.2021,Python Базовый,1
11544,15,24.01.2021,Python Базовый,0
11552,16,24.01.2021,Веб-дизайн,0
11564,11,24.01.2021,Веб-дизайн,0
11570,12,24.01.2021,Python Базовый,0
11575,15,24.01.2021,Python Базовый,0
11576,12,24.01.2021,Веб-дизайн,0
11582,14,24.01.2021,Unity,1
11592,,24.01.2021,Python Базовый,0
11605,11,31.01.2021,Python Базовый,0
11606,14,31.01.2021,Python Базовый,1
11636,11,31.01.2021,Python Базовый,0
11642,13,31.01.2021,Python Базовый,0
11643,14,31.01.2021,Python Базовый,0
11656,14,24.01.2021,Unity,0
11657,15,24.01.2021,Python Базовый,0
11658,12,24.01.2021,Python Базовый,0
11663,14,31.01.2021,Веб-дизайн,1
11668,16,14.03.2021,Веб-дизайн,1
11670,12,24.01.2021,Python Базовый,1
11672,11,24.01.2021,Python Базовый,1
11681,14,24.01.2021,Python Базовый,0
11683,13,31.01.2021,Python Базовый,0
11690,14,31.01.2021,Python Базовый,1
11693,13,31.01.2021,Python Базовый,1
11707,14,31.01.2021,Python Базовый,1
11709,14,24.01.2021,Python Базовый,0
11713,12,31.01.2021,Python Базовый,0
11715,13,24.01.2021,Python Базовый,1
11721,13,24.01.2021,Python Базовый,0
11725,14,31.01.2021,Python Базовый,0
11735,15,31.01.2021,Python Базовый,0
11741,12,24.01.2021,Python Базовый,1
11752,12,24.01.2021,Python Базовый,1
11753,12,24.01.2021,Python Базовый,0
11754,11,24.01.2021,Python Базовый,0
11761,12,31.01.2021,Python Базовый,0
11762,13,31.01.2021,Python Базовый,0
11768,13,24.01.2021,Unity,0
11770,12,31.01.2021,Python Базовый,0
11776,14,24.01.2021,Python Базовый,0
11784,13,31.01.2021,Веб-дизайн,1
11785,14,24.01.2021,Unity,0
11796,12,31.01.2021,Python Базовый,1
11798,9,31.01.2021,Python Базовый,1
11812,14,24.01.2021,Python Базовый,0
11814,12,24.01.2021,Python Базовый,0
11827,14,31.01.2021,Python Базовый,0
11840,11,24.01.2021,Python Базовый,0
11842,11,07.02.2021,Веб-дизайн,0
11854,12,31.01.2021,Python Базовый,0
11866,,31.01.2021,Python Базовый,1
11872,12,31.01.2021,Python Базовый,0
11876,17,31.01.2021,Python Базовый,0
11888,12,31.01.2021,Python Базовый,0
11897,14,07.02.2021,Python Базовый,0
11899,13,31.01.2021,Python Базовый,0
11904,13,07.02.2021,Веб-дизайн,1
11905,13,31.01.2021,Python Базовый,0
11906,14,31.01.2021,Python Базовый,1
11918,13,31.01.2021,Python Базовый,0
11934,14,07.02.2021,Python Базовый,0
11936,,31.01.2021,Python Базовый,0
11945,13,31.01.2021,Веб-дизайн,0
11947,15,31.01.2021,Python Базовый,0
11958,14,31.01.2021,Веб-дизайн,0
11979,,07.02.2021,Python Базовый,0
11982,13,24.01.2021,Unity,0
11991,12,07.02.2021,Python Базовый,0
12004,12,31.01.2021,Python Базовый,0
12005,14,31.01.2021,Python Базовый,0
12006,13,07.02.2021,Python Базовый,0
12031,13,31.01.2021,Веб-дизайн,0
12035,15,07.02.2021,Unity,0
12069,14,07.02.2021,Python Базовый,0
12082,13,31.01.2021,Python Базовый,0
12093,13,31.01.2021,Python Базовый,0
12095,12,07.02.2021,Python Базовый,0
12099,13,31.01.2021,Python Базовый,0
12116,16,31.01.2021,Веб-дизайн,0
12119,12,31.01.2021,Python Базовый,0
12120,13,31.01.2021,Python Базовый,0
12121,,07.02.2021,Веб-дизайн,0
12125,14,24.01.2021,Unity,0
12131,12,07.02.2021,Python Базовый,0
12135,11,31.01.2021,Python Базовый,0
12138,12,31.01.2021,Python Базовый,0
12139,16,31.01.2021,Python Базовый,1
12146,15,24.01.2021,Unity,0
12150,,14.02.2021,Веб-дизайн,0
12159,,07.02.2021,Python Базовый,0
12189,,07.02.2021,Python Базовый,1
12198,12,07.02.2021,Python Базовый,0
12220,13,07.02.2021,Python Базовый,0
12227,,31.01.2021,Unity,0
12232,14,07.02.2021,Unity,0
12234,14,31.01.2021,Веб-дизайн,1
12240,12,07.02.2021,Python Базовый,0
12241,13,07.02.2021,Python Базовый,0
12255,12,07.02.2021,Python Базовый,1
12263,14,07.02.2021,Python Базовый,0
12272,12,31.01.2021,Python Базовый,0
12274,13,31.01.2021,Python Базовый,0
12275,12,31.01.2021,Python Базовый,0
12278,15,07.02.2021,Веб-дизайн,0
12288,13,31.01.2021,Python Базовый,0
12293,15,07.02.2021,Python Базовый,0
12300,12,14.02.2021,Python Базовый,0
12303,13,31.01.2021,Unity,0
12307,12,07.02.2021,Веб-дизайн,0
12312,15,07.02.2021,Веб-дизайн,0
12329,10,07.02.2021,Веб-дизайн,0
12332,13,31.01.2021,Python Базовый,1
12340,11,21.03.2021,Python Базовый,0
12356,13,07.02.2021,Веб-дизайн,0
12361,12,31.01.2021,Python Базовый,0
12364,12,07.02.2021,Python Базовый,0
12371,14,31.01.2021,Веб-дизайн,1
12377,12,07.02.2021,Python Базовый,0
12378,15,07.02.2021,Python Базовый,0
12380,12,07.02.2021,Веб-дизайн,0
12393,13,14.02.2021,Python Базовый,0
12394,12,07.02.2021,Python Базовый,0
12403,12,07.02.2021,Веб-дизайн,0
12409,14,07.02.2021,Unity,0
12420,12,31.01.2021,Python Базовый,0
12421,11,07.02.2021,Python Базовый,0
12422,16,31.01.2021,Python Базовый,0
12427,13,07.02.2021,Python Базовый,0
12429,12,31.01.2021,Python Базовый,0
12431,15,28.03.2021,Python Базовый,0
12434,16,07.02.2021,Веб-дизайн,0
12444,11,31.01.2021,Python Базовый,1
12449,14,31.01.2021,Python Базовый,0
12454,12,07.02.2021,Python Базовый,0
12459,12,31.01.2021,Python Базовый,0
12465,12,07.02.2021,Python Базовый,0
12467,15,07.02.2021,Веб-дизайн,1
12476,14,07.02.2021,Unity,0
12486,13,14.02.2021,Python Базовый,0
12488,12,07.02.2021,Python Базовый,0
12499,11,07.02.2021,Python Базовый,0
12508,13,07.02.2021,Python Базовый,0
12518,11,07.02.2021,Python Базовый,1
12522,13,07.02.2021,Python Базовый,0
12539,12,07.02.2021,Python Базовый,0
12546,13,07.02.2021,Python Базовый,0
12548,15,07.02.2021,Python Базовый,0
12553,13,21.02.2021,Python Базовый,1
12554,,07.02.2021,Веб-дизайн,1
12557,13,07.02.2021,Python Базовый,0
12570,12,07.02.2021,Python Базовый,0
12574,13,07.02.2021,Веб-дизайн,0
12580,12,07.02.2021,Python Базовый,0
12600,14,07.02.2021,Веб-дизайн,0
12604,12,07.02.2021,Python Базовый,0
12610,13,14.02.2021,Python Базовый,0
12635,14,07.02.2021,Веб-дизайн,0
12636,11,07.02.2021,Python Базовый,0
12663,,07.02.2021,Python Базовый,0
12672,15,07.02.2021,Python Базовый,0
12674,12,07.02.2021,Python Базовый,0
12682,11,07.02.2021,Python Базовый,0
12689,16,31.01.2021,Веб-дизайн,1
12696,12,07.02.2021,Python Базовый,0
12699,11,07.02.2021,Python Базовый,0
12703,13,14.02.2021,Python Базовый,1
12710,14,07.02.2021,Веб-дизайн,0
12712,16,21.02.2021,Python Базовый,1
12736,16,21.02.2021,Веб-дизайн,0
12737,13,21.02.2021,Веб-дизайн,1
12751,,07.02.2021,Python Базовый,1
12752,11,14.02.2021,Python Базовый,0
12770,17,14.02.2021,Веб-дизайн,1
12775,,14.02.2021,Веб-дизайн,1
12780,13,07.02.2021,Python Базовый,0
12783,13,21.02.2021,Python Базовый,0
12787,14,14.02.2021,Python Базовый,0
12795,11,14.02.2021,Python Базовый,0
12798,13,21.02.2021,Python Базовый,0
12805,12,07.02.2021,Python Базовый,0
12813,15,07.02.2021,Веб-дизайн,0
12818,16,21.03.2021,Unity,0
12822,13,28.03.2021,Python Базовый,0
12832,12,07.02.2021,Python Базовый,1
12833,16,14.02.2021,Веб-дизайн,1
12841,13,14.02.2021,Python Базовый,0
12843,15,21.02.2021,Веб-дизайн,1
12852,12,14.02.2021,Python Базовый,0
12858,,14.02.2021,Python Базовый,0
12867,14,14.02.2021,Веб-дизайн,0
12871,15,14.02.2021,Unity,0
12874,11,28.02.2021,Веб-дизайн,1
12885,14,14.02.2021,Python Базовый,0
12891,12,14.02.2021,Python Базовый,0
12893,13,14.02.2021,Веб-дизайн,0
12899,14,07.02.2021,Python Базовый,0
12914,13,14.02.2021,Веб-дизайн,1
12916,,07.02.2021,Python Базовый,0
12919,,21.02.2021,Unity,1
12920,12,21.02.2021,Python Базовый,1
12921,15,28.02.2021,Python Базовый,1
12923,12,28.02.2021,Python Базовый,1
12930,19,14.02.2021,Unity,0
12942,13,28.02.2021,Python Базовый,1
12943,13,14.02.2021,Python Базовый,0
12950,15,14.02.2021,Python Базовый,0
12951,13,21.02.2021,Веб-дизайн,0
12966,11,14.02.2021,Python Базовый,0
12972,,14.02.2021,Веб-дизайн,1
12979,13,14.02.2021,Веб-дизайн,0
12982,12,14.02.2021,Python Базовый,0
12983,15,07.02.2021,Веб-дизайн,0
12986,14,21.02.2021,Python Базовый,1
12993,13,14.02.2021,Python Базовый,0
12994,12,21.02.2021,Python Базовый,1
13000,16,21.02.2021,Python Базовый,1
13007,16,14.02.2021,Веб-дизайн,1
13028,,14.02.2021,Веб-дизайн,1
13038,13,14.02.2021,Python Базовый,0
13051,13,07.02.2021,Python Базовый,0
13055,13,14.02.2021,Веб-дизайн,1
13056,12,14.02.2021,Python Базовый,0
13065,13,14.02.2021,Веб-дизайн,0
13066,15,14.02.2021,Веб-дизайн,0
13067,12,14.02.2021,Python Базовый,0
13076,10,07.02.2021,Python Базовый,0
13083,12,14.02.2021,Python Базовый,1
13087,,14.02.2021,Python Базовый,0
13091,11,21.02.2021,Веб-дизайн,0
13093,11,07.02.2021,Python Базовый,0
13095,13,07.02.2021,Python Базовый,0
13098,14,21.02.2021,Python Базовый,0
13106,11,14.02.2021,Python Базовый,0
13108,14,07.02.2021,Python Базовый,0
13113,14,14.02.2021,Веб-дизайн,1
13126,13,21.02.2021,Python Базовый,1
13131,14,14.02.2021,Unity,0
13137,14,07.02.2021,Python Базовый,0
13142,14,21.02.2021,Python Базовый,0
13148,15,21.02.2021,Python Базовый,1
13149,12,14.02.2021,Python Базовый,0
13153,12,14.02.2021,Python Базовый,0
13157,12,21.02.2021,Python Базовый,1
13159,13,14.02.2021,Веб-дизайн,1
13160,13,14.02.2021,Веб-дизайн,1
13162,15,14.02.2021,Веб-дизайн,1
13169,14,14.02.2021,Python Базовый,0
13174,13,21.02.2021,Веб-дизайн,1
13175,11,14.02.2021,Python Базовый,0
13181,14,14.02.2021,Python Базовый,0
13190,11,14.02.2021,Python Базовый,0
13193,16,14.02.2021,Python Базовый,0
13198,12,14.02.2021,Python Базовый,0
13200,12,14.02.2021,Python Базовый,0
13208,12,28.02.2021,Python Базовый,0
13211,15,21.02.2021,Unity,1
13212,,28.02.2021,Python Базовый,1
13227,13,21.02.2021,Python Базовый,1
13230,13,21.02.2021,Python Базовый,1
13233,15,14.02.2021,Python Базовый,0
13237,13,14.02.2021,Python Базовый,0
13238,13,14.02.2021,Python Базовый,0
13248,,14.02.2021,Python Базовый,0
13255,13,28.02.2021,Python Базовый,0
13257,12,14.02.2021,Python Базовый,0
13258,10,14.02.2021,Python Базовый,0
13263,13,28.02.2021,Python Базовый,0
13271,11,21.02.2021,Python Базовый,1
13276,12,28.02.2021,Python Базовый,0
13278,11,14.02.2021,Веб-дизайн,0
13281,,14.02.2021,Python Базовый,1
13290,14,14.02.2021,Python Базовый,0
13305,13,21.02.2021,Python Базовый,0
13307,13,21.02.2021,Python Базовый,1
13308,10,21.02.2021,Python Базовый,0
13311,13,14.02.2021,Веб-дизайн,0
13315,13,21.02.2021,Python Базовый,1
13318,11,21.02.2021,Python Базовый,1
13319,14,28.02.2021,Unity,1
13320,14,14.02.2021,Веб-дизайн,1
13327,12,21.02.2021,Python Базовый,1
13345,14,21.02.2021,Python Базовый,0
13349,14,14.02.2021,Python Базовый,0
13360,16,14.02.2021,Веб-дизайн,1
13361,12,21.02.2021,Python Базовый,1
13363,13,28.02.2021,Python Базовый,1
13364,13,21.02.2021,Python Базовый,1
13365,15,21.02.2021,Python Базовый,1
13366,15,14.02.2021,Веб-дизайн,0
13367,11,21.02.2021,Python Базовый,1
13368,14,21.02.2021,Веб-дизайн,1
13374,13,14.02.2021,Веб-дизайн,0
13375,12,21.02.2021,Python Базовый,0
13377,12,14.02.2021,Python Базовый,0
13388,12,14.02.2021,Python Базовый,0
13392,14,21.02.2021,Python Базовый,0
13394,14,21.02.2021,Python Базовый,0
13397,13,21.02.2021,Python Базовый,0
13398,13,14.02.2021,Python Базовый,0
13406,13,21.02.2021,Python Базовый,0
13418,12,21.02.2021,Python Базовый,0
13437,,21.02.2021,Python Базовый,1
13441,15,21.03.2021,Python Базовый,0
13444,12,14.02.2021,Python Базовый,0
13454,,21.02.2021,Python Базовый,1
13455,13,21.02.2021,Python Базовый,1
13456,15,21.02.2021,Python Базовый,1
13460,10,21.02.2021,Python Базовый,1
13466,13,21.02.2021,Python Базовый,1
13471,13,21.02.2021,Веб-дизайн,0
13473,12,28.02.2021,Python Базовый,0
13478,12,21.02.2021,Python Базовый,1
13480,,21.02.2021,Python Базовый,1
13481,14,21.02.2021,Python Базовый,1
13482,11,21.02.2021,Python Базовый,0
13487,13,28.02.2021,Python Базовый,1
13488,13,21.02.2021,Python Базовый,1
13489,10,21.02.2021,Python Базовый,1
13511,13,21.02.2021,Python Базовый,1
13516,13,21.02.2021,Python Базовый,1
13518,,21.02.2021,Python Базовый,1
13521,13,21.02.2021,Python Базовый,1
13530,13,21.02.2021,Python Базовый,1
13536,15,21.02.2021,Python Базовый,1
13538,13,21.02.2021,Python Базовый,0
13548,13,21.02.2021,Python Базовый,1
13550,14,21.02.2021,Python Базовый,1
13552,15,14.02.2021,Unity,0
13555,12,21.02.2021,Python Базовый,1
13558,12,21.02.2021,Python Базовый,1
13561,15,14.02.2021,Веб-дизайн,0
13572,13,21.02.2021,Python Базовый,1
13574,15,28.02.2021,Python Базовый,1
13587,11,21.02.2021,Python Базовый,1
13595,12,21.02.2021,Python Базовый,1
13596,12,21.02.2021,Python Базовый,0
13598,12,21.02.2021,Python Базовый,1
13600,14,21.02.2021,Python Базовый,1
13601,15,21.02.2021,Python Базовый,0
13605,12,21.02.2021,Python Базовый,0
13609,14,21.02.2021,Python Базовый,0
13615,12,21.02.2021,Python Базовый,0
13616,12,21.02.2021,Python Базовый,1
13632,,28.02.2021,Python Базовый,1
13636,,21.02.2021,Python Базовый,1
13641,14,21.02.2021,Python Базовый,1
13651,13,21.02.2021,Веб-дизайн,1
13652,,21.02.2021,Python Базовый,1
13657,11,21.02.2021,Python Базовый,0
13658,13,21.02.2021,Python Базовый,0
13659,11,21.02.2021,Python Базовый,1
13660,15,28.02.2021,Python Базовый,0
13661,,21.02.2021,Python Базовый,0
13667,13,28.03.2021,Python Базовый,0
13677,,21.02.2021,Python Базовый,1
13682,14,21.02.2021,Python Базовый,1
13683,12,14.02.2021,Веб-дизайн,1
13690,13,21.02.2021,Python Базовый,1
13694,,14.02.2021,Python Базовый,0
13697,13,14.02.2021,Python Базовый,1
13701,15,14.02.2021,Веб-дизайн,0
13703,,21.02.2021,Python Базовый,1
13711,,21.02.2021,Python Базовый,1
13712,14,14.02.2021,Python Базовый,0
13713,15,21.02.2021,Python Базовый,1
13714,12,21.02.2021,Python Базовый,1
13718,13,21.02.2021,Python Базовый,1
13719,12,14.02.2021,Python Базовый,0
13721,10,21.02.2021,Python Базовый,1
13729,14,21.02.2021,Python Базовый,1
13731,10,14.02.2021,Python Базовый,0
13736,13,14.02.2021,Python Базовый,0
13738,15,21.02.2021,Веб-дизайн,1
13742,12,21.02.2021,Python Базовый,1
13746,12,28.02.2021,Python Базовый,1
13752,14,21.02.2021,Python Базовый,0
13756,14,21.02.2021,Веб-дизайн,1
13760,13,21.02.2021,Python Базовый,1
13763,13,28.02.2021,Веб-дизайн,0
13767,10,21.02.2021,Python Базовый,0
13769,13,21.02.2021,Python Базовый,1
13770,13,21.02.2021,Python Базовый,1
13771,13,21.02.2021,Веб-дизайн,1
13778,12,21.02.2021,Python Базовый,1
13779,12,21.02.2021,Python Базовый,0
13784,14,14.02.2021,Python Базовый,0
13787,13,21.02.2021,Python Базовый,1
13789,14,14.02.2021,Python Базовый,0
13792,16,21.02.2021,Python Базовый,0
13793,13,21.02.2021,Веб-дизайн,0
13794,,21.02.2021,Python Базовый,1
13795,12,21.02.2021,Python Базовый,1
13796,14,21.02.2021,Веб-дизайн,0
13809,12,14.03.2021,Python Базовый,1
13817,15,21.02.2021,Python Базовый,1
13820,11,14.02.2021,Python Базовый,0
13823,12,21.02.2021,Python Базовый,0
13825,12,21.02.2021,Python Базовый,1
13841,13,14.02.2021,Веб-дизайн,0
13844,12,21.02.2021,Python Базовый,0
13845,13,21.02.2021,Веб-дизайн,1
13848,14,14.02.2021,Веб-дизайн,0
13849,12,14.02.2021,Python Базовый,0
13850,13,21.02.2021,Python Базовый,0
13854,12,21.02.2021,Python Базовый,1
13856,14,21.02.2021,Python Базовый,1
13864,13,14.02.2021,Python Базовый,0
13865,13,21.02.2021,Python Базовый,1
13868,16,21.02.2021,Веб-дизайн,0
13869,13,21.02.2021,Python Базовый,0
13870,13,21.02.2021,Python Базовый,0
13884,13,21.02.2021,Веб-дизайн,0
13891,12,14.02.2021,Python Базовый,0
13896,13,14.02.2021,Python Базовый,0
13899,12,21.02.2021,Веб-дизайн,1
13901,17,21.02.2021,Unity,1
13904,12,21.02.2021,Python Базовый,1
13906,12,21.02.2021,Веб-дизайн,1
13913,13,21.02.2021,Python Базовый,0
13916,12,21.02.2021,Python Базовый,1
13924,14,14.02.2021,Веб-дизайн,1
13926,12,28.02.2021,Python Базовый,1
13932,15,21.02.2021,Unity,1
13938,14,14.02.2021,Python Базовый,0
13939,13,21.02.2021,Python Базовый,1
13941,14,21.02.2021,Python Базовый,1
13944,17,21.02.2021,Unity,1
13946,12,21.02.2021,Веб-дизайн,1
13952,13,21.02.2021,Python Базовый,1
13953,15,28.02.2021,Python Базовый,1
13957,13,14.02.2021,Веб-дизайн,1
13958,12,21.02.2021,Python Базовый,1
13963,15,21.02.2021,Веб-дизайн,1
13967,10,21.02.2021,Python Базовый,1
13969,16,14.02.2021,Веб-дизайн,0
13971,10,21.02.2021,Python Базовый,1
13972,15,21.02.2021,Python Базовый,1
13984,17,21.02.2021,Python Базовый,0
13988,15,21.02.2021,Python Базовый,1
13990,15,21.02.2021,Unity,0
13997,14,21.02.2021,Python Базовый,1
14001,13,14.02.2021,Python Базовый,0
14003,14,21.02.2021,Python Базовый,1
14007,11,28.02.2021,Python Базовый,1
14011,13,21.02.2021,Python Базовый,1
14016,15,14.02.2021,Python Базовый,0
14017,15,14.02.2021,Unity,0
14019,13,21.02.2021,Python Базовый,1
14020,10,21.02.2021,Python Базовый,1
14023,13,21.02.2021,Python Базовый,1
14024,13,21.02.2021,Python Базовый,1
14026,12,21.02.2021,Python Базовый,1
14028,12,21.02.2021,Веб-дизайн,1
14033,10,28.02.2021,Python Базовый,0
14034,13,21.02.2021,Python Базовый,1
14035,14,21.02.2021,Python Базовый,1
14036,12,28.02.2021,Python Базовый,0
14040,16,21.02.2021,Веб-дизайн,1
14043,11,21.02.2021,Python Базовый,1
14045,12,21.02.2021,Python Базовый,0
14046,14,21.02.2021,Unity,1
14047,14,28.02.2021,Веб-дизайн,1
14048,,28.02.2021,Python Базовый,1
14050,12,21.02.2021,Python Базовый,0
14051,11,21.02.2021,Веб-дизайн,1
14066,13,21.02.2021,Python Базовый,1
14067,14,21.02.2021,Python Базовый,0
14070,13,21.02.2021,Python Базовый,1
14071,15,28.02.2021,Веб-дизайн,0
14072,15,21.02.2021,Python Базовый,1
14074,15,14.02.2021,Unity,0
14078,15,21.02.2021,Веб-дизайн,1
14080,14,21.03.2021,Python Базовый,0
14082,13,28.02.2021,Веб-дизайн,1
14083,17,21.02.2021,Веб-дизайн,1
14084,,21.02.2021,Python Базовый,1
14085,11,21.02.2021,Python Базовый,1
14091,13,21.02.2021,Python Базовый,0
14092,12,21.02.2021,Python Базовый,1
14093,14,21.02.2021,Python Базовый,1
14095,13,21.02.2021,Python Базовый,1
14096,14,21.02.2021,Python Базовый,1
14098,15,21.02.2021,Python Базовый,0
14099,15,21.02.2021,Веб-дизайн,1
14100,11,21.02.2021,Python Базовый,1
14102,12,28.02.2021,Веб-дизайн,1
14103,14,21.02.2021,Python Базовый,1
14107,9,21.02.2021,Python Базовый,1
14110,12,21.02.2021,Веб-дизайн,1
14112,11,28.02.2021,Python Базовый,1
14114,14,21.02.2021,Python Базовый,0
14115,13,28.02.2021,Python Базовый,1
14116,11,21.02.2021,Веб-дизайн,1
14120,13,21.02.2021,Python Базовый,0
14125,14,21.02.2021,Веб-дизайн,1
14128,15,28.02.2021,Python Базовый,0
14129,10,28.02.2021,Python Базовый,0
14130,12,21.02.2021,Python Базовый,0
14132,12,21.02.2021,Python Базовый,1
14133,15,21.02.2021,Веб-дизайн,1
14135,13,28.02.2021,Python Базовый,1
14143,12,21.02.2021,Python Базовый,1
14146,14,21.02.2021,Python Базовый,0
14150,13,21.02.2021,Python Базовый,1
14152,,21.02.2021,Веб-дизайн,1
14153,,21.02.2021,Веб-дизайн,1
14160,12,14.02.2021,Python Базовый,0
14164,14,21.02.2021,Веб-дизайн,1
14165,11,21.02.2021,Python Базовый,1
14168,15,28.02.2021,Веб-дизайн,1
14172,17,21.02.2021,Python Базовый,1
14173,13,21.02.2021,Веб-дизайн,1
14178,11,21.02.2021,Python Базовый,1
14179,12,21.02.2021,Python Базовый,0
14185,11,21.02.2021,Python Базовый,0
14186,11,21.02.2021,Python Базовый,0
14192,13,21.02.2021,Python Базовый,1
14195,12,21.02.2021,Веб-дизайн,0
14196,13,21.02.2021,Веб-дизайн,1
14198,,21.02.2021,Python Базовый,1
14199,13,21.02.2021,Python Базовый,1
14201,15,21.02.2021,Unity,1
14209,14,21.02.2021,Веб-дизайн,1
14210,14,21.02.2021,Unity,1
14212,12,21.02.2021,Веб-дизайн,1
14213,14,21.02.2021,Python Базовый,1
14214,,28.02.2021,Веб-дизайн,1
14217,16,21.02.2021,Python Базовый,1
14218,13,28.02.2021,Python Базовый,1
14220,12,28.02.2021,Python Базовый,1
14222,13,21.02.2021,Python Базовый,1
14223,13,28.02.2021,Python Базовый,0
14224,14,21.02.2021,Python Базовый,1
14231,15,21.02.2021,Python Базовый,1
14234,16,14.02.2021,Unity,0
14242,16,21.02.2021,Веб-дизайн,1
14247,12,21.02.2021,Python Базовый,0
14248,13,21.02.2021,Веб-дизайн,1
14249,,21.02.2021,Python Базовый,1
14253,14,21.02.2021,Веб-дизайн,1
14254,12,28.02.2021,Веб-дизайн,0
14259,13,21.02.2021,Веб-дизайн,1
14262,13,21.02.2021,Python Базовый,1
14263,12,21.02.2021,Python Базовый,1
14264,12,21.02.2021,Python Базовый,1
14267,13,28.02.2021,Unity,1
14270,15,21.02.2021,Веб-дизайн,0
14271,13,28.02.2021,Python Базовый,1
14277,14,28.02.2021,Python Базовый,0
14278,12,28.02.2021,Python Базовый,1
14280,,28.02.2021,Веб-дизайн,0
14281,12,28.02.2021,Python Базовый,1
14282,13,28.02.2021,Веб-дизайн,1
14288,13,21.02.2021,Веб-дизайн,1
14294,14,28.02.2021,Python Базовый,0
14295,12,21.02.2021,Python Базовый,1
14296,15,21.02.2021,Python Базовый,1
14298,13,28.02.2021,Веб-дизайн,1
14299,,21.02.2021,Unity,1
14300,13,21.02.2021,Python Базовый,1
14301,14,21.02.2021,Веб-дизайн,1
14303,15,21.02.2021,Веб-дизайн,1
14306,15,21.02.2021,Python Базовый,1
14307,12,21.02.2021,Python Базовый,1
14310,16,21.02.2021,Веб-дизайн,1
14311,13,21.02.2021,Python Базовый,1
14313,13,28.02.2021,Unity,1
14314,12,21.02.2021,Веб-дизайн,1
14315,11,28.02.2021,Python Базовый,1
14317,14,28.02.2021,Python Базовый,1
14318,13,21.02.2021,Python Базовый,0
14326,14,21.02.2021,Python Базовый,0
14327,12,28.02.2021,Unity,1
14341,13,28.02.2021,Python Базовый,0
14342,13,28.02.2021,Python Базовый,1
14346,12,21.02.2021,Python Базовый,1
14347,12,21.02.2021,Python Базовый,1
14349,15,21.02.2021,Python Базовый,1
14354,11,21.02.2021,Python Базовый,1
14357,,21.02.2021,Unity,1
14358,12,21.02.2021,Python Базовый,0
14359,13,21.02.2021,Python Базовый,0
14360,11,21.02.2021,Python Базовый,1
14362,14,21.02.2021,Python Базовый,1
14363,15,21.02.2021,Веб-дизайн,1
14367,14,21.02.2021,Python Базовый,1
14372,14,21.02.2021,Python Базовый,1
14374,12,28.02.2021,Python Базовый,1
14375,13,21.02.2021,Python Базовый,1
14377,,21.02.2021,Python Базовый,0
14383,14,28.02.2021,Python Базовый,0
14385,12,28.02.2021,Python Базовый,0
14387,12,28.02.2021,Python Базовый,1
14389,14,28.02.2021,Python Базовый,1
14393,,28.02.2021,Python Базовый,0
14395,11,21.02.2021,Python Базовый,1
14396,11,28.02.2021,Python Базовый,1
14399,12,21.02.2021,Веб-дизайн,1
14400,11,21.02.2021,Python Базовый,0
14402,16,21.02.2021,Веб-дизайн,1
14406,,14.02.2021,Python Базовый,0
14408,16,21.02.2021,Веб-дизайн,1
14409,15,21.02.2021,Python Базовый,1
14416,12,21.02.2021,Веб-дизайн,1
14418,16,21.02.2021,Веб-дизайн,1
14419,14,28.02.2021,Python Базовый,1
14421,12,28.02.2021,Python Базовый,1
14422,12,21.02.2021,Python Базовый,1
14425,14,21.02.2021,Python Базовый,0
14426,12,28.02.2021,Python Базовый,1
14427,15,28.02.2021,Python Базовый,1
14428,14,28.02.2021,Python Базовый,1
14429,14,28.02.2021,Unity,1
14431,13,28.02.2021,Python Базовый,1
14436,13,21.02.2021,Python Базовый,0
14438,14,21.02.2021,Unity,1
14439,13,28.02.2021,Python Базовый,0
14440,,28.02.2021,Python Базовый,1
14441,12,28.02.2021,Python Базовый,1
14442,14,28.02.2021,Unity,1
14445,15,28.02.2021,Unity,1
14446,12,28.02.2021,Python Базовый,0
14447,13,28.02.2021,Python Базовый,1
14449,13,28.02.2021,Unity,0
14450,13,21.02.2021,Веб-дизайн,1
14455,13,21.02.2021,Unity,0
14456,15,28.02.2021,Python Базовый,0
14459,15,28.02.2021,Веб-дизайн,0
14460,16,21.02.2021,Unity,1
14462,12,28.02.2021,Python Базовый,1
14468,14,28.02.2021,Python Базовый,0
14469,15,21.02.2021,Веб-дизайн,1
14471,14,28.02.2021,Python Базовый,1
14473,12,28.02.2021,Python Базовый,1
14478,13,21.02.2021,Веб-дизайн,1
14479,12,28.02.2021,Python Базовый,1
14482,11,21.03.2021,Python Базовый,0
14483,11,28.02.2021,Python Базовый,1
14487,11,21.02.2021,Веб-дизайн,1
14496,11,14.02.2021,Python Базовый,1
14500,14,14.03.2021,Python Базовый,1
14502,11,28.02.2021,Python Базовый,1
14507,12,21.02.2021,Python Базовый,1
14510,12,28.02.2021,Python Базовый,0
14513,12,28.02.2021,Python Базовый,1
14522,16,21.02.2021,Веб-дизайн,1
14523,15,21.02.2021,Веб-дизайн,1
14531,13,28.02.2021,Python Базовый,0
14532,13,28.02.2021,Python Базовый,1
14533,14,28.02.2021,Python Базовый,0
14534,13,28.02.2021,Python Базовый,1
14535,13,28.02.2021,Python Базовый,1
14536,13,28.02.2021,Python Базовый,0
14538,12,28.02.2021,Python Базовый,1
14542,14,28.02.2021,Python Базовый,0
14543,,21.02.2021,Python Базовый,1
14544,12,28.02.2021,Python Базовый,1
14546,13,28.02.2021,Python Базовый,0
14556,15,21.02.2021,Веб-дизайн,0
14557,12,28.02.2021,Python Базовый,1
14560,13,28.02.2021,Python Базовый,1
14563,11,28.02.2021,Python Базовый,0
14568,16,28.02.2021,Python Базовый,1
14570,14,28.02.2021,Python Базовый,0
14573,,28.02.2021,Веб-дизайн,1
14577,,14.03.2021,Unity,1
14578,13,28.02.2021,Веб-дизайн,1
14579,14,28.02.2021,Python Базовый,1
14580,15,21.02.2021,Веб-дизайн,1
14581,15,28.02.2021,Python Базовый,0
14583,12,21.02.2021,Веб-дизайн,1
14589,12,21.02.2021,Python Базовый,0
14591,12,28.02.2021,Python Базовый,1
14593,14,28.02.2021,Веб-дизайн,1
14601,12,21.02.2021,Веб-дизайн,0
14603,13,21.02.2021,Python Базовый,1
14604,14,21.02.2021,Python Базовый,1
14606,13,28.02.2021,Python Базовый,1
14607,12,28.02.2021,Python Базовый,1
14608,12,28.02.2021,Python Базовый,1
14610,14,21.02.2021,Веб-дизайн,1
14616,17,28.02.2021,Python Базовый,0
14620,11,28.02.2021,Python Базовый,0
14625,13,28.02.2021,Python Базовый,1
14627,11,21.02.2021,Python Базовый,1
14630,12,28.02.2021,Python Базовый,0
14631,15,21.02.2021,Веб-дизайн,1
14632,15,21.02.2021,Веб-дизайн,1
14634,12,28.02.2021,Python Базовый,0
14639,11,21.03.2021,Python Базовый,0
14644,12,21.03.2021,Python Базовый,0
14648,12,28.02.2021,Python Базовый,1
14649,17,21.02.2021,Веб-дизайн,1
14650,13,28.02.2021,Python Базовый,1
14651,13,28.02.2021,Python Базовый,0
14657,13,28.02.2021,Python Базовый,1
14660,12,28.02.2021,Python Базовый,1
14661,,28.02.2021,Python Базовый,1
14663,11,28.02.2021,Python Базовый,0
14665,12,28.02.2021,Python Базовый,1
14668,14,21.02.2021,Веб-дизайн,1
14669,13,28.02.2021,Python Базовый,1
14670,13,21.02.2021,Python Базовый,1
14674,14,28.02.2021,Веб-дизайн,1
14680,13,28.02.2021,Python Базовый,1
14683,13,28.02.2021,Python Базовый,1
14688,14,28.02.2021,Python Базовый,0
14689,14,28.02.2021,Веб-дизайн,1
14694,15,21.02.2021,Веб-дизайн,0
14696,16,21.02.2021,Веб-дизайн,0
14709,12,21.02.2021,Веб-дизайн,1
14711,14,21.02.2021,Python Базовый,1
14712,14,21.02.2021,Python Базовый,1
14714,11,21.02.2021,Python Базовый,1
14715,13,28.02.2021,Python Базовый,1
14719,13,28.02.2021,Веб-дизайн,0
14720,14,14.03.2021,Unity,1
14725,14,21.02.2021,Python Базовый,1
14726,12,21.02.2021,Python Базовый,1
14727,15,28.02.2021,Python Базовый,1
14729,16,21.02.2021,Веб-дизайн,1
14738,11,21.03.2021,Python Базовый,1
14739,12,28.02.2021,Python Базовый,1
14740,12,28.02.2021,Python Базовый,1
14741,,21.02.2021,Веб-дизайн,1
14743,14,28.02.2021,Python Базовый,1
14744,15,28.02.2021,Python Базовый,1
14745,13,28.02.2021,Python Базовый,0
14747,13,28.02.2021,Python Базовый,1
14748,13,28.02.2021,Python Базовый,1
14750,14,28.02.2021,Python Базовый,1
14752,12,28.02.2021,Python Базовый,0
14753,13,28.02.2021,Python Базовый,1
14754,,28.02.2021,Python Базовый,0
14761,10,28.02.2021,Python Базовый,1
14762,14,28.02.2021,Веб-дизайн,0
14766,13,28.02.2021,Python Базовый,1
14767,13,21.02.2021,Веб-дизайн,0
14769,13,28.02.2021,Python Базовый,1
14770,14,28.02.2021,Python Базовый,1
14771,12,28.02.2021,Python Базовый,1
14772,12,28.02.2021,Python Базовый,1
14774,12,14.03.2021,Веб-дизайн,0
14781,,28.02.2021,Python Базовый,0
14782,12,28.02.2021,Python Базовый,1
14790,,14.03.2021,Unity,1
14792,15,28.02.2021,Python Базовый,0
14794,13,28.02.2021,Веб-дизайн,1
14796,15,28.02.2021,Python Базовый,0
14805,14,28.02.2021,Python Базовый,1
14817,,14.03.2021,Python Базовый,1
14818,12,28.02.2021,Python Базовый,1
14820,13,28.02.2021,Python Базовый,1
14821,13,28.02.2021,Веб-дизайн,1
14824,,28.02.2021,Python Базовый,0
14827,14,28.02.2021,Python Базовый,1
14832,12,28.02.2021,Python Базовый,0
14833,16,28.02.2021,Python Базовый,1
14838,14,28.02.2021,Веб-дизайн,0
14839,11,28.02.2021,Python Базовый,1
14852,14,28.02.2021,Python Базовый,1
14853,11,28.02.2021,Python Базовый,1
14855,13,28.02.2021,Веб-дизайн,1
14856,11,28.02.2021,Python Базовый,1
14857,11,28.02.2021,Python Базовый,1
14859,12,28.02.2021,Python Базовый,0
14861,12,28.02.2021,Python Базовый,1
14865,16,28.02.2021,Python Базовый,1
14868,16,28.02.2021,Python Базовый,0
14870,,28.02.2021,Python Базовый,1
14872,13,28.02.2021,Python Базовый,0
14873,13,28.02.2021,Python Базовый,1
14876,12,28.02.2021,Python Базовый,0
14878,11,28.02.2021,Python Базовый,0
14881,12,28.02.2021,Python Базовый,1
14885,14,14.03.2021,Python Базовый,0
14894,12,28.02.2021,Python Базовый,1
14896,12,28.02.2021,Python Базовый,0
14920,13,28.02.2021,Веб-дизайн,1
14932,12,28.02.2021,Python Базовый,1
14942,,28.02.2021,Python Базовый,0
14943,14,28.02.2021,Python Базовый,0
14946,12,28.02.2021,Python Базовый,1
14947,13,28.02.2021,Веб-дизайн,0
14948,11,28.02.2021,Python Базовый,1
14949,11,28.02.2021,Python Базовый,0
14957,11,28.02.2021,Python Базовый,1
14962,12,28.02.2021,Python Базовый,1
14963,,28.02.2021,Python Базовый,1
14967,,28.02.2021,Python Базовый,1
14971,15,28.03.2021,Unity,0
14972,13,28.02.2021,Python Базовый,1
14976,15,28.03.2021,Unity,0
14984,15,28.02.2021,Веб-дизайн,0
14988,,28.02.2021,Python Базовый,0
14995,16,28.02.2021,Python Базовый,0
15006,12,21.03.2021,Python Базовый,0
15007,11,28.02.2021,Python Базовый,1
15012,13,28.02.2021,Python Базовый,0
15013,14,14.03.2021,Unity,1
15014,14,21.03.2021,Веб-дизайн,0
15026,12,28.02.2021,Веб-дизайн,0
15032,13,28.02.2021,Веб-дизайн,1
15043,15,28.02.2021,Веб-дизайн,1
15046,12,14.03.2021,Python Базовый,1
15073,14,14.03.2021,Unity,1
15077,15,28.02.2021,Веб-дизайн,1
15084,11,14.03.2021,Python Базовый,1
15089,14,28.02.2021,Веб-дизайн,1
15091,14,14.03.2021,Unity,1
15120,15,14.03.2021,Unity,1
15151,13,14.03.2021,Python Базовый,1
15166,13,28.02.2021,Веб-дизайн,1
15168,14,21.02.2021,Веб-дизайн,1
15170,11,28.02.2021,Python Базовый,1
15173,14,14.03.2021,Unity,1
15181,12,28.02.2021,Веб-дизайн,1
15182,,21.02.2021,Unity,1
15185,,28.02.2021,Python Базовый,1
15186,14,14.03.2021,Unity,1
15193,11,28.02.2021,Python Базовый,0
15195,15,28.02.2021,Python Базовый,1
15196,13,28.02.2021,Python Базовый,1
15198,13,14.03.2021,Unity,1
15202,12,28.02.2021,Python Базовый,1
15223,11,28.02.2021,Веб-дизайн,1
15235,11,28.02.2021,Python Базовый,1
15239,13,28.02.2021,Python Базовый,1
15240,16,28.02.2021,Веб-дизайн,1
15250,13,28.02.2021,Python Базовый,1
15251,15,21.03.2021,Unity,0
15254,12,28.02.2021,Python Базовый,0
15259,12,21.02.2021,Python Базовый,1
15260,13,28.02.2021,Python Базовый,1
15270,13,28.02.2021,Python Базовый,1
15273,13,28.02.2021,Python Базовый,1
15274,16,28.02.2021,Веб-дизайн,1
15283,14,28.02.2021,Python Базовый,0
15285,11,28.02.2021,Python Базовый,1
15286,15,28.02.2021,Python Базовый,1
15287,14,28.02.2021,Веб-дизайн,0
15294,13,28.02.2021,Python Базовый,1
15298,14,28.02.2021,Python Базовый,1
15299,,28.02.2021,Веб-дизайн,1
15300,14,28.02.2021,Python Базовый,1
15307,,28.02.2021,Unity,1
15311,10,28.02.2021,Python Базовый,1
15312,17,21.03.2021,Unity,0
15319,12,28.02.2021,Python Базовый,1
15323,14,14.03.2021,Unity,1
15331,12,21.02.2021,Python Базовый,1
15335,14,28.02.2021,Python Базовый,0
15341,13,28.02.2021,Веб-дизайн,1
15346,13,14.03.2021,Веб-дизайн,1
15347,14,14.03.2021,Веб-дизайн,1
15361,12,21.03.2021,Python Базовый,0
15362,13,28.02.2021,Веб-дизайн,0
15366,14,28.02.2021,Python Базовый,1
15368,13,28.02.2021,Python Базовый,1
15369,15,28.02.2021,Python Базовый,1
15372,12,28.02.2021,Веб-дизайн,1
15375,11,28.02.2021,Python Базовый,0
15388,15,28.02.2021,Веб-дизайн,1
15396,10,28.02.2021,Python Базовый,1
15397,13,28.02.2021,Python Базовый,1
15404,14,21.02.2021,Веб-дизайн,1
15408,16,28.02.2021,Веб-дизайн,1
15414,12,28.02.2021,Python Базовый,0
15421,15,28.02.2021,Python Базовый,1
15425,,14.03.2021,Unity,1
15427,12,28.02.2021,Python Базовый,1
15433,13,28.02.2021,Python Базовый,1
15435,17,28.02.2021,Веб-дизайн,1
15436,14,28.02.2021,Python Базовый,0
15451,13,28.02.2021,Python Базовый,0
15456,13,28.03.2021,Веб-дизайн,1
15464,14,14.03.2021,Python Базовый,1
15465,14,14.03.2021,Python Базовый,1
15469,15,28.02.2021,Python Базовый,0
15470,15,28.02.2021,Python Базовый,1
15480,16,21.02.2021,Веб-дизайн,0
15483,12,28.02.2021,Python Базовый,1
15488,14,28.02.2021,Python Базовый,0
15491,14,28.02.2021,Python Базовый,1
15493,13,28.02.2021,Python Базовый,1
15499,12,28.02.2021,Веб-дизайн,0
15501,14,28.02.2021,Веб-дизайн,1
15502,12,21.02.2021,Python Базовый,1
15504,14,28.02.2021,Python Базовый,0
15513,15,28.02.2021,Python Базовый,1
15522,13,14.03.2021,Unity,1
15523,15,28.02.2021,Python Базовый,1
15524,13,21.02.2021,Веб-дизайн,1
15529,13,28.02.2021,Веб-дизайн,0
15531,12,14.03.2021,Веб-дизайн,1
15533,13,28.02.2021,Python Базовый,0
15536,13,28.02.2021,Python Базовый,0
15538,16,14.03.2021,Python Базовый,0
15558,12,28.02.2021,Веб-дизайн,1
15576,14,14.03.2021,Python Базовый,1
15601,11,21.02.2021,Python Базовый,1
15607,11,14.03.2021,Python Базовый,1
15624,12,14.03.2021,Python Базовый,1
15627,13,14.03.2021,Веб-дизайн,1
15637,15,28.02.2021,Веб-дизайн,1
15653,16,28.03.2021,Python Базовый,0
15655,14,21.03.2021,Unity,0
15673,12,28.02.2021,Веб-дизайн,1
15678,15,14.03.2021,Веб-дизайн,1
15680,16,28.02.2021,Веб-дизайн,0
15683,14,28.02.2021,Веб-дизайн,0
15696,11,14.03.2021,Python Базовый,1
15699,12,14.03.2021,Python Базовый,1
15703,15,14.03.2021,Веб-дизайн,1
15705,14,14.03.2021,Python Базовый,1
15724,17,21.03.2021,Unity,0
15735,12,28.03.2021,Python Базовый,0
15753,12,14.03.2021,Python Базовый,1
15775,15,14.03.2021,Веб-дизайн,1
15776,13,14.03.2021,Python Базовый,1
15777,13,14.03.2021,Python Базовый,1
15780,17,21.03.2021,Unity,0
15783,11,14.03.2021,Python Базовый,1
15791,14,14.03.2021,Python Базовый,1
15792,14,14.03.2021,Python Базовый,1
15805,19,21.03.2021,Веб-дизайн,0
15817,14,14.03.2021,Python Базовый,1
15824,12,14.03.2021,Python Базовый,1
15825,15,14.03.2021,Unity,1
15829,15,21.03.2021,Веб-дизайн,0
15841,14,14.03.2021,Python Базовый,1
15850,16,14.03.2021,Python Базовый,1
15851,16,14.03.2021,Python Базовый,1
15857,13,21.03.2021,Python Базовый,0
15860,13,14.03.2021,Веб-дизайн,1
15867,13,14.03.2021,Python Базовый,1
15868,13,14.03.2021,Python Базовый,1
15870,15,14.03.2021,Веб-дизайн,1
15872,13,21.03.2021,Unity,0
15873,12,28.02.2021,Python Базовый,1
15881,12,14.03.2021,Python Базовый,1
15882,13,14.03.2021,Python Базовый,1
15887,14,28.02.2021,Веб-дизайн,1
15888,12,14.03.2021,Python Базовый,1
15889,,14.03.2021,Веб-дизайн,1
15895,14,21.03.2021,Unity,0
15897,16,21.03.2021,Unity,0
15906,12,14.03.2021,Python Базовый,1
15919,13,14.03.2021,Веб-дизайн,1
15922,12,28.02.2021,Python Базовый,0
15923,15,28.02.2021,Python Базовый,1
15934,14,21.03.2021,Unity,0
15936,12,28.02.2021,Python Базовый,1
15942,,14.03.2021,Python Базовый,1
15947,13,14.03.2021,Python Базовый,1
15948,10,21.03.2021,Python Базовый,0
15949,15,14.03.2021,Unity,1
15976,15,14.03.2021,Python Базовый,1
15977,15,14.03.2021,Python Базовый,1
15981,13,14.03.2021,Python Базовый,1
15994,15,14.03.2021,Unity,1
16007,14,28.02.2021,Python Базовый,1
16010,17,21.03.2021,Unity,0
16019,14,21.03.2021,Веб-дизайн,0
16020,14,28.03.2021,Python Базовый,0
16027,12,14.03.2021,Python Базовый,1
16029,13,21.03.2021,Веб-дизайн,0
16037,14,21.03.2021,Веб-дизайн,0
16038,12,21.03.2021,Python Базовый,0
16050,14,21.03.2021,Unity,0
16063,13,14.03.2021,Python Базовый,1
16065,12,14.03.2021,Python Базовый,1
16066,12,14.03.2021,Python Базовый,1
16077,12,14.03.2021,Python Базовый,1
16080,15,14.03.2021,Python Базовый,1
16081,15,14.03.2021,Python Базовый,1
16088,,14.03.2021,Python Базовый,1
16089,,14.03.2021,Python Базовый,1
16094,13,14.03.2021,Python Базовый,1
16095,13,14.03.2021,Python Базовый,1
16097,15,28.02.2021,Python Базовый,1
16104,15,21.03.2021,Unity,0
16111,,21.03.2021,Python Базовый,0
16125,13,21.03.2021,Unity,0
16130,13,28.02.2021,Python Базовый,1
16140,11,14.03.2021,Python Базовый,1
16141,15,21.03.2021,Python Базовый,0
16143,14,28.02.2021,Python Базовый,1
16145,13,14.03.2021,Python Базовый,1
16149,14,21.03.2021,Python Базовый,0
16150,11,21.03.2021,Веб-дизайн,0
16155,15,21.03.2021,Unity,0
16156,13,21.03.2021,Python Базовый,0
16157,16,28.02.2021,Python Базовый,1
16164,13,21.03.2021,Python Базовый,0
16165,15,21.03.2021,Python Базовый,0
16170,,14.03.2021,Python Базовый,1
16173,15,21.03.2021,Веб-дизайн,0
16174,15,21.03.2021,Unity,0
16183,14,14.03.2021,Unity,1
16185,14,28.02.2021,Python Базовый,1
16186,16,14.03.2021,Веб-дизайн,1
16191,13,28.03.2021,Python Базовый,0
16192,12,21.03.2021,Python Базовый,0
16193,,21.03.2021,Python Базовый,0
16194,14,14.03.2021,Веб-дизайн,0
16195,12,21.03.2021,Python Базовый,0
16196,11,21.03.2021,Python Базовый,0
16202,,21.03.2021,Unity,0
16203,14,21.03.2021,Python Базовый,0
16209,12,14.03.2021,Веб-дизайн,0
16210,15,28.03.2021,Python Базовый,0
16214,13,14.03.2021,Python Базовый,1
16218,13,21.03.2021,Unity,0
16219,11,28.02.2021,Python Базовый,1
16221,12,21.03.2021,Python Базовый,0
16223,14,21.03.2021,Unity,0
16225,12,21.03.2021,Python Базовый,0
16226,13,14.03.2021,Python Базовый,1
16230,14,14.03.2021,Python Базовый,1
16238,12,14.03.2021,Python Базовый,1
16247,11,21.03.2021,Python Базовый,0
16248,12,21.03.2021,Python Базовый,0
16251,14,21.03.2021,Unity,0
16255,15,21.03.2021,Python Базовый,0
16259,,21.03.2021,Python Базовый,0
16262,14,21.03.2021,Unity,0
16266,14,14.03.2021,Python Базовый,1
16270,15,14.03.2021,Python Базовый,1
16278,12,21.03.2021,Python Базовый,0
16282,12,14.03.2021,Python Базовый,1
16284,15,28.03.2021,Python Базовый,0
16287,12,21.03.2021,Python Базовый,0
16295,15,21.03.2021,Веб-дизайн,0
16297,12,21.03.2021,Python Базовый,0
16300,11,21.03.2021,Python Базовый,0
16301,17,21.03.2021,Unity,0
16302,11,21.03.2021,Python Базовый,0
16303,12,14.03.2021,Python Базовый,1
16305,14,28.03.2021,Python Базовый,0
16307,12,21.03.2021,Python Базовый,0
16316,13,14.03.2021,Python Базовый,1
16317,13,21.03.2021,Python Базовый,0
16324,11,21.03.2021,Python Базовый,0
16331,15,21.03.2021,Python Базовый,0
16334,13,14.03.2021,Python Базовый,1
16345,14,21.03.2021,Unity,0
16354,13,14.03.2021,Python Базовый,1
16365,11,21.03.2021,Python Базовый,0
16370,,21.03.2021,Веб-дизайн,0
16372,13,28.03.2021,Python Базовый,0
16379,,14.03.2021,Unity,1
16383,14,21.03.2021,Python Базовый,0
16387,13,21.03.2021,Веб-дизайн,0
16395,13,14.03.2021,Python Базовый,1
16396,14,14.03.2021,Python Базовый,1
16397,13,14.03.2021,Python Базовый,0
16407,13,21.03.2021,Python Базовый,0
16409,13,14.03.2021,Веб-дизайн,0
16410,13,14.03.2021,Веб-дизайн,1
16412,12,21.03.2021,Python Базовый,0
16415,14,21.03.2021,Unity,0
16421,14,21.03.2021,Unity,0
16423,15,21.03.2021,Веб-дизайн,0
16427,13,21.03.2021,Python Базовый,0
16436,15,21.03.2021,Веб-дизайн,0
16437,16,21.03.2021,Python Базовый,0
16440,13,14.03.2021,Веб-дизайн,1
16442,17,21.03.2021,Unity,0
16443,,21.03.2021,Python Базовый,0
16445,14,21.03.2021,Python Базовый,0
16450,15,21.03.2021,Python Базовый,0
16452,14,21.03.2021,Веб-дизайн,0
16456,12,21.03.2021,Python Базовый,0
16461,14,14.03.2021,Unity,1
16463,11,14.03.2021,Python Базовый,1
16466,12,21.03.2021,Веб-дизайн,0
16469,12,28.03.2021,Веб-дизайн,0
16470,,21.03.2021,Python Базовый,0
16472,11,21.03.2021,Python Базовый,0
16475,16,21.03.2021,Python Базовый,0
16479,15,21.03.2021,Python Базовый,0
16483,13,28.03.2021,Веб-дизайн,0
16484,13,28.03.2021,Веб-дизайн,0
16486,16,28.03.2021,Unity,0
16488,14,28.03.2021,Python Базовый,0
16490,14,14.03.2021,Python Базовый,1
16492,10,21.03.2021,Python Базовый,0
16493,12,21.03.2021,Python Базовый,0
16494,11,28.03.2021,Python Базовый,0
16496,13,14.03.2021,Python Базовый,1
16497,,21.03.2021,Python Базовый,0
16508,16,28.03.2021,Веб-дизайн,0
16513,14,14.03.2021,Веб-дизайн,1
16518,14,21.03.2021,Python Базовый,0
16523,15,21.03.2021,Веб-дизайн,0
16524,15,21.03.2021,Python Базовый,0
16525,13,21.03.2021,Python Базовый,0
16526,,14.03.2021,Python Базовый,1
16529,13,21.03.2021,Python Базовый,0
16536,13,21.03.2021,Unity,0
16538,17,14.03.2021,Веб-дизайн,1
16540,11,21.03.2021,Python Базовый,0
16541,12,21.03.2021,Python Базовый,0
16544,13,21.03.2021,Веб-дизайн,0
16545,13,21.03.2021,Python Базовый,0
16546,11,14.03.2021,Python Базовый,1
16550,14,21.03.2021,Unity,0
16553,14,21.03.2021,Unity,0
16555,14,21.03.2021,Python Базовый,0
16558,13,21.03.2021,Python Базовый,0
16559,,21.03.2021,Unity,0
16563,14,21.03.2021,Веб-дизайн,0
16572,14,14.03.2021,Веб-дизайн,0
16575,13,21.03.2021,Python Базовый,0
16578,11,21.03.2021,Python Базовый,0
16580,13,14.03.2021,Python Базовый,1
16581,11,14.03.2021,Веб-дизайн,1
16582,15,14.03.2021,Веб-дизайн,1
16585,15,21.03.2021,Python Базовый,0
16586,17,14.03.2021,Веб-дизайн,1
16596,13,21.03.2021,Unity,0
16597,15,14.03.2021,Python Базовый,1
16601,11,21.03.2021,Python Базовый,0
16605,13,14.03.2021,Веб-дизайн,1
16607,13,21.03.2021,Python Базовый,0
16609,13,21.03.2021,Python Базовый,0
16610,16,14.03.2021,Python Базовый,1
16612,13,21.03.2021,Python Базовый,0
16616,14,28.03.2021,Python Базовый,0
16629,14,21.03.2021,Python Базовый,0
16635,13,21.03.2021,Python Базовый,0
16636,13,21.03.2021,Python Базовый,0
16645,10,28.03.2021,Python Базовый,0
16647,18,14.03.2021,Веб-дизайн,1
16648,13,28.03.2021,Веб-дизайн,0
16650,14,28.03.2021,Веб-дизайн,0
16656,14,21.03.2021,Веб-дизайн,0
16657,11,21.03.2021,Python Базовый,0
16659,16,21.03.2021,Python Базовый,0
16662,12,21.03.2021,Python Базовый,0
16665,11,14.03.2021,Python Базовый,0
16667,16,14.03.2021,Веб-дизайн,0
16669,14,21.03.2021,Python Базовый,0
16673,,21.03.2021,Python Базовый,0
16674,13,28.03.2021,Веб-дизайн,0
16677,13,21.03.2021,Python Базовый,0
16678,14,28.03.2021,Веб-дизайн,0
16682,16,14.03.2021,Python Базовый,1
16683,14,21.03.2021,Python Базовый,0
16684,13,14.03.2021,Python Базовый,1
16685,14,28.03.2021,Unity,0
16688,,28.03.2021,Веб-дизайн,0
16689,15,14.03.2021,Веб-дизайн,0
16690,,21.03.2021,Python Базовый,0
16694,13,28.03.2021,Python Базовый,0
16695,12,21.03.2021,Python Базовый,0
16696,11,21.03.2021,Python Базовый,0
16700,14,21.03.2021,Веб-дизайн,0
16701,13,21.03.2021,Python Базовый,0
16702,13,21.03.2021,Веб-дизайн,0
16705,13,21.03.2021,Unity,0
16706,13,21.03.2021,Python Базовый,0
16707,12,14.03.2021,Python Базовый,1
16712,16,14.03.2021,Веб-дизайн,1
16713,10,21.03.2021,Python Базовый,0
16717,14,14.03.2021,Веб-дизайн,1
16718,13,21.03.2021,Python Базовый,0
16720,16,14.03.2021,Unity,1
16724,12,28.03.2021,Веб-дизайн,0
16726,11,21.03.2021,Python Базовый,0
16729,15,14.03.2021,Python Базовый,1
16733,13,21.03.2021,Python Базовый,0
16734,13,14.03.2021,Python Базовый,1
16739,15,28.03.2021,Веб-дизайн,0
16749,13,21.03.2021,Веб-дизайн,0
16755,10,21.03.2021,Python Базовый,0
16758,13,21.03.2021,Python Базовый,0
16760,12,21.03.2021,Python Базовый,0
16761,13,14.03.2021,Веб-дизайн,0
16762,,21.03.2021,Python Базовый,0
16763,13,21.03.2021,Веб-дизайн,0
16765,12,21.03.2021,Python Базовый,0
16767,10,21.03.2021,Python Базовый,0
16770,14,14.03.2021,Python Базовый,1
16771,13,28.03.2021,Веб-дизайн,0
16777,12,14.03.2021,Python Базовый,1
16779,16,21.03.2021,Веб-дизайн,0
16787,14,21.03.2021,Python Базовый,0
16789,11,21.03.2021,Python Базовый,0
16796,14,21.03.2021,Python Базовый,0
16798,12,28.03.2021,Python Базовый,0
16804,14,14.03.2021,Unity,1
16812,15,28.03.2021,Веб-дизайн,0
16813,14,14.03.2021,Python Базовый,1
16816,12,21.03.2021,Python Базовый,0
16819,13,21.03.2021,Python Базовый,0
16820,14,21.03.2021,Python Базовый,0
16823,11,14.03.2021,Python Базовый,1
16824,16,21.03.2021,Unity,0
16827,10,21.03.2021,Python Базовый,0
16831,14,21.03.2021,Unity,0
16838,,21.03.2021,Python Базовый,0
16839,,21.03.2021,Python Базовый,0
16842,13,28.03.2021,Python Базовый,0
16844,14,21.03.2021,Веб-дизайн,0
16845,14,14.03.2021,Python Базовый,1
16846,12,14.03.2021,Python Базовый,1
16852,15,14.03.2021,Веб-дизайн,1
16853,15,14.03.2021,Unity,1
16854,15,21.03.2021,Веб-дизайн,0
16856,13,21.03.2021,Python Базовый,0
16870,13,14.03.2021,Python Базовый,1
16871,12,21.03.2021,Python Базовый,0
16882,12,28.03.2021,Unity,0
16883,12,21.03.2021,Python Базовый,0
16885,13,21.03.2021,Python Базовый,0
16889,12,14.03.2021,Python Базовый,0
16890,14,21.03.2021,Unity,0
16895,,14.03.2021,Python Базовый,1
16901,12,28.03.2021,Python Базовый,0
16902,16,28.03.2021,Веб-дизайн,0
16909,,14.03.2021,Python Базовый,1
16913,16,21.03.2021,Веб-дизайн,0
16914,17,14.03.2021,Веб-дизайн,1
16915,13,21.03.2021,Python Базовый,0
16922,14,21.03.2021,Python Базовый,0
16923,14,14.03.2021,Веб-дизайн,0
16928,13,21.03.2021,Веб-дизайн,0
16929,12,14.03.2021,Python Базовый,1
16933,13,14.03.2021,Python Базовый,1
16936,12,14.03.2021,Python Базовый,1
16943,12,14.03.2021,Python Базовый,1
16944,16,21.03.2021,Python Базовый,0
16947,11,21.03.2021,Python Базовый,0
16948,12,14.03.2021,Python Базовый,1
16955,12,14.03.2021,Python Базовый,1
16958,13,21.03.2021,Python Базовый,0
16963,,14.03.2021,Python Базовый,1
16966,12,21.03.2021,Python Базовый,0
16969,9,14.03.2021,Python Базовый,1
16970,12,21.03.2021,Python Базовый,0
16971,12,21.03.2021,Python Базовый,0
16976,12,14.03.2021,Веб-дизайн,1
16980,12,21.03.2021,Python Базовый,0
16987,15,21.03.2021,Веб-дизайн,0
16989,16,14.03.2021,Веб-дизайн,1
16991,16,28.03.2021,Python Базовый,0
16998,12,21.03.2021,Python Базовый,0
17013,14,21.03.2021,Unity,0
17014,11,21.03.2021,Python Базовый,0
17016,16,14.03.2021,Python Базовый,1
17020,12,28.03.2021,Python Базовый,0
17025,11,28.03.2021,Python Базовый,0
17030,15,21.03.2021,Веб-дизайн,0
17034,,14.03.2021,Python Базовый,1
17038,13,14.03.2021,Python Базовый,1
17040,11,14.03.2021,Python Базовый,1
17041,14,14.03.2021,Unity,1
17045,14,14.03.2021,Веб-дизайн,0
17047,14,14.03.2021,Unity,1
17049,12,28.03.2021,Python Базовый,0
17050,15,14.03.2021,Python Базовый,1
17051,14,14.03.2021,Python Базовый,1
17062,13,14.03.2021,Python Базовый,1
17071,11,21.03.2021,Python Базовый,0
17074,14,21.03.2021,Unity,0
17075,10,28.03.2021,Python Базовый,0
17085,,21.03.2021,Python Базовый,0
17086,11,14.03.2021,Python Базовый,1
17087,11,14.03.2021,Python Базовый,1
17096,12,14.03.2021,Python Базовый,0
17097,14,21.03.2021,Веб-дизайн,0
17104,13,14.03.2021,Python Базовый,0
17106,18,21.03.2021,Unity,0
17118,14,28.03.2021,Python Базовый,0
17119,12,14.03.2021,Веб-дизайн,1
17125,12,14.03.2021,Python Базовый,1
17126,14,14.03.2021,Python Базовый,1
17132,14,21.03.2021,Python Базовый,0
17133,13,14.03.2021,Python Базовый,1
17137,13,14.03.2021,Unity,0
17138,11,14.03.2021,Python Базовый,1
17139,13,21.03.2021,Python Базовый,0
17140,9,14.03.2021,Python Базовый,1
17141,12,14.03.2021,Python Базовый,1
17142,12,21.03.2021,Python Базовый,0
17147,12,21.03.2021,Веб-дизайн,0
17153,12,28.03.2021,Python Базовый,0
17161,12,28.03.2021,Python Базовый,0
17173,14,21.03.2021,Unity,0
17174,12,28.03.2021,Python Базовый,0
17180,12,21.03.2021,Python Базовый,0
17188,13,21.03.2021,Python Базовый,0
17192,,14.03.2021,Unity,0
17197,14,14.03.2021,Python Базовый,1
17210,,14.03.2021,Python Базовый,0
17211,13,14.03.2021,Python Базовый,1
17222,14,14.03.2021,Python Базовый,1
17224,13,21.03.2021,Python Базовый,0
17238,10,14.03.2021,Python Базовый,0
17239,12,21.03.2021,Python Базовый,0
17243,12,21.03.2021,Python Базовый,0
17244,13,14.03.2021,Python Базовый,1
17245,15,21.03.2021,Python Базовый,0
17253,11,14.03.2021,Python Базовый,1
17258,12,14.03.2021,Python Базовый,1
17261,15,14.03.2021,Python Базовый,1
17262,10,14.03.2021,Python Базовый,1
17266,11,14.03.2021,Python Базовый,0
17267,10,28.03.2021,Python Базовый,0
17268,15,28.03.2021,Python Базовый,0
17269,15,21.03.2021,Unity,0
17270,12,21.03.2021,Python Базовый,0
17271,14,28.03.2021,Веб-дизайн,0
17276,10,14.03.2021,Python Базовый,1
17277,15,21.03.2021,Python Базовый,0
17292,,28.03.2021,Python Базовый,0
17298,13,14.03.2021,Python Базовый,1
17299,13,21.03.2021,Веб-дизайн,0
17300,11,21.03.2021,Python Базовый,0
17303,12,21.03.2021,Python Базовый,0
17309,14,21.03.2021,Веб-дизайн,0
17316,12,14.03.2021,Веб-дизайн,1
17318,15,21.03.2021,Веб-дизайн,0
17326,12,21.03.2021,Python Базовый,0
17333,14,14.03.2021,Unity,1
17334,15,21.03.2021,Python Базовый,0
17335,11,21.03.2021,Python Базовый,0
17336,,14.03.2021,Веб-дизайн,1
17337,13,28.03.2021,Веб-дизайн,0
17338,,21.03.2021,Python Базовый,0
17342,11,14.03.2021,Python Базовый,1
17349,12,28.03.2021,Веб-дизайн,0
17350,11,14.03.2021,Python Базовый,1
17364,11,14.03.2021,Python Базовый,1
17366,12,21.03.2021,Python Базовый,0
17369,10,14.03.2021,Python Базовый,1
17375,13,28.03.2021,Unity,0
17377,14,14.03.2021,Python Базовый,1
17378,15,21.03.2021,Веб-дизайн,0
17380,15,21.03.2021,Веб-дизайн,0
17382,12,21.03.2021,Python Базовый,0
17385,11,21.03.2021,Python Базовый,0
17386,13,14.03.2021,Веб-дизайн,1
17394,15,21.03.2021,Веб-дизайн,0
17395,13,14.03.2021,Веб-дизайн,1
17396,12,14.03.2021,Python Базовый,1
17397,15,14.03.2021,Unity,1
17415,13,21.03.2021,Веб-дизайн,0
17419,13,21.03.2021,Python Базовый,0
17422,14,21.03.2021,Веб-дизайн,0
17425,14,21.03.2021,Веб-дизайн,0
17427,13,21.03.2021,Python Базовый,0
17431,16,21.03.2021,Python Базовый,0
17432,15,21.03.2021,Python Базовый,0
17434,14,21.03.2021,Python Базовый,0
17436,16,21.03.2021,Python Базовый,0
17441,13,14.03.2021,Python Базовый,1
17446,15,28.03.2021,Python Базовый,0
17447,11,21.03.2021,Python Базовый,0
17448,14,21.03.2021,Веб-дизайн,0
17451,16,21.03.2021,Python Базовый,0
17452,14,14.03.2021,Python Базовый,1
17455,,28.03.2021,Unity,0
17456,9,14.03.2021,Веб-дизайн,0
17457,13,21.03.2021,Python Базовый,0
17460,12,28.03.2021,Веб-дизайн,0
17465,,21.03.2021,Веб-дизайн,0
17469,15,28.03.2021,Веб-дизайн,0
17471,13,21.03.2021,Веб-дизайн,0
17473,14,14.03.2021,Веб-дизайн,1
17476,14,21.03.2021,Python Базовый,0
17478,15,21.03.2021,Python Базовый,0
17479,14,28.03.2021,Веб-дизайн,0
17480,10,21.03.2021,Unity,0
17481,14,28.03.2021,Веб-дизайн,0
17482,14,28.03.2021,Веб-дизайн,0
17485,15,21.03.2021,Python Базовый,0
17496,11,21.03.2021,Python Базовый,0
17497,9,14.03.2021,Python Базовый,1
17501,17,14.03.2021,Веб-дизайн,1
17503,15,21.03.2021,Python Базовый,0
17507,14,28.03.2021,Python Базовый,0
17508,16,14.03.2021,Python Базовый,1
17509,14,14.03.2021,Python Базовый,1
17510,16,14.03.2021,Веб-дизайн,1
17511,13,14.03.2021,Python Базовый,1
17513,15,14.03.2021,Веб-дизайн,1
17514,12,14.03.2021,Python Базовый,1
17523,12,14.03.2021,Python Базовый,1
17526,11,21.03.2021,Python Базовый,0
17529,14,21.03.2021,Python Базовый,0
17535,14,21.03.2021,Python Базовый,0
17536,13,21.03.2021,Python Базовый,0
17540,12,21.03.2021,Python Базовый,0
17541,14,21.03.2021,Python Базовый,0
17546,13,28.03.2021,Python Базовый,0
17547,14,21.03.2021,Python Базовый,0
17548,,21.03.2021,Python Базовый,0
17554,12,21.03.2021,Python Базовый,0
17559,13,21.03.2021,Python Базовый,0
17560,12,21.03.2021,Python Базовый,0
17561,13,21.03.2021,Python Базовый,0
17564,,21.03.2021,Python Базовый,0
17571,12,21.03.2021,Python Базовый,0
17572,12,21.03.2021,Python Базовый,0
17575,12,21.03.2021,Python Базовый,0
17578,11,21.03.2021,Python Базовый,0
17579,14,28.03.2021,Unity,0
17581,15,21.03.2021,Веб-дизайн,0
17587,13,21.03.2021,Python Базовый,0
17590,13,28.03.2021,Unity,0
17594,16,28.03.2021,Веб-дизайн,0
17595,12,21.03.2021,Python Базовый,0
17597,12,21.03.2021,Python Базовый,0
17598,14,21.03.2021,Python Базовый,0
17600,,28.03.2021,Python Базовый,0
17602,,21.03.2021,Python Базовый,0
17603,12,21.03.2021,Python Базовый,0
17604,11,21.03.2021,Python Базовый,0
17605,13,21.03.2021,Python Базовый,0
17613,12,28.03.2021,Python Базовый,0
17615,11,28.03.2021,Python Базовый,0
17616,14,28.03.2021,Python Базовый,0
17619,14,28.03.2021,Веб-дизайн,0
17623,16,28.03.2021,Python Базовый,0
17624,14,21.03.2021,Веб-дизайн,0
17627,9,21.03.2021,Python Базовый,0
17630,12,21.03.2021,Python Базовый,0
17635,13,21.03.2021,Python Базовый,0
17641,11,14.03.2021,Python Базовый,1
17644,12,21.03.2021,Python Базовый,0
17654,11,21.03.2021,Python Базовый,0
17658,13,21.03.2021,Python Базовый,0
17659,14,21.03.2021,Python Базовый,0
17661,11,21.03.2021,Python Базовый,0
17663,12,21.03.2021,Python Базовый,0
17664,,21.03.2021,Python Базовый,0
17665,16,28.03.2021,Unity,0
17669,16,21.03.2021,Веб-дизайн,0
17670,12,28.03.2021,Python Базовый,0
17671,13,21.03.2021,Unity,0
17679,17,21.03.2021,Python Базовый,0
17685,,21.03.2021,Python Базовый,0
17692,12,21.03.2021,Python Базовый,0
17694,12,21.03.2021,Python Базовый,0
17697,15,21.03.2021,Python Базовый,0
17698,16,21.03.2021,Python Базовый,0
17702,16,14.03.2021,Веб-дизайн,0
17704,11,21.03.2021,Python Базовый,0
17707,13,28.03.2021,Веб-дизайн,0
17710,13,14.03.2021,Веб-дизайн,1
17720,11,21.03.2021,Python Базовый,0
17725,11,21.03.2021,Python Базовый,0
17729,12,21.03.2021,Python Базовый,0
17730,13,21.03.2021,Python Базовый,0
17731,15,21.03.2021,Python Базовый,0
17736,12,21.03.2021,Python Базовый,0
17738,14,14.03.2021,Веб-дизайн,1
17741,10,21.03.2021,Python Базовый,0
17742,10,28.03.2021,Python Базовый,0
17743,14,14.03.2021,Веб-дизайн,1
17744,12,14.03.2021,Веб-дизайн,0
17746,13,21.03.2021,Python Базовый,0
17749,14,21.03.2021,Python Базовый,0
17752,14,21.03.2021,Python Базовый,0
17756,12,21.03.2021,Python Базовый,0
17759,12,21.03.2021,Python Базовый,0
17765,15,28.03.2021,Python Базовый,0
17766,13,28.03.2021,Python Базовый,0
17767,13,28.03.2021,Python Базовый,0
17768,12,28.03.2021,Python Базовый,0
17774,13,21.03.2021,Python Базовый,0
17783,12,28.03.2021,Python Базовый,0
17787,,21.03.2021,Python Базовый,0
17790,15,21.03.2021,Python Базовый,0
17792,12,21.03.2021,Python Базовый,0
17794,15,28.03.2021,Unity,0
17802,11,21.03.2021,Python Базовый,0
17807,,28.03.2021,Python Базовый,0
17809,,21.03.2021,Python Базовый,0
17811,11,21.03.2021,Python Базовый,0
17812,14,28.03.2021,Веб-дизайн,0
17813,12,21.03.2021,Python Базовый,0
17819,14,28.03.2021,Python Базовый,0
17827,15,21.03.2021,Python Базовый,0
17830,12,21.03.2021,Python Базовый,0
17833,14,14.03.2021,Веб-дизайн,1
17835,11,21.03.2021,Python Базовый,0
17836,10,21.03.2021,Python Базовый,0
17840,10,21.03.2021,Python Базовый,0
17844,13,28.03.2021,Python Базовый,0
17847,11,21.03.2021,Python Базовый,0
17848,11,21.03.2021,Python Базовый,0
17849,12,28.03.2021,Python Базовый,0
17853,15,21.03.2021,Python Базовый,0
17854,14,21.03.2021,Python Базовый,0
17858,13,21.03.2021,Unity,0
17859,11,21.03.2021,Python Базовый,0
17867,11,21.03.2021,Python Базовый,0
17871,15,21.03.2021,Python Базовый,0
17874,14,14.03.2021,Веб-дизайн,1
17876,13,21.03.2021,Python Базовый,0
17879,14,21.03.2021,Веб-дизайн,0
17881,12,21.03.2021,Python Базовый,0
17885,15,21.03.2021,Веб-дизайн,0
17887,13,28.03.2021,Веб-дизайн,0
17889,13,21.03.2021,Python Базовый,0
17891,17,28.03.2021,Unity,0
17894,,14.03.2021,Веб-дизайн,1
17898,13,28.03.2021,Python Базовый,0
17902,13,21.03.2021,Python Базовый,0
17903,12,21.03.2021,Python Базовый,0
17909,13,28.03.2021,Веб-дизайн,0
17910,13,28.03.2021,Python Базовый,0
17912,14,28.03.2021,Веб-дизайн,0
17915,11,21.03.2021,Python Базовый,0
17918,11,28.03.2021,Python Базовый,0
17919,12,21.03.2021,Python Базовый,0
17921,11,28.03.2021,Веб-дизайн,0
17923,15,28.03.2021,Python Базовый,0
17927,14,28.03.2021,Python Базовый,0
17928,12,21.03.2021,Python Базовый,0
17929,11,21.03.2021,Python Базовый,0
17930,13,14.03.2021,Python Базовый,1
17931,11,28.03.2021,Python Базовый,0
17933,14,21.03.2021,Python Базовый,0
17934,14,14.03.2021,Python Базовый,1
17936,14,28.03.2021,Python Базовый,0
17938,12,28.03.2021,Python Базовый,0
17940,,21.03.2021,Python Базовый,0
17943,13,21.03.2021,Python Базовый,0
17945,,21.03.2021,Python Базовый,0
17950,12,21.03.2021,Python Базовый,0
17952,12,21.03.2021,Python Базовый,0
17957,14,28.03.2021,Python Базовый,0
17961,,28.03.2021,Python Базовый,0
17966,12,21.03.2021,Python Базовый,0
17967,13,28.03.2021,Python Базовый,0
17968,13,21.03.2021,Python Базовый,0
17969,14,21.03.2021,Веб-дизайн,0
17974,12,28.03.2021,Python Базовый,0
17983,13,28.03.2021,Python Базовый,0
17986,13,28.03.2021,Unity,0
17989,15,28.03.2021,Python Базовый,0
17990,14,28.03.2021,Веб-дизайн,0
17992,13,28.03.2021,Python Базовый,0
17993,12,28.03.2021,Python Базовый,0
17994,16,21.03.2021,Python Базовый,0
18006,11,21.03.2021,Python Базовый,0
18007,11,21.03.2021,Python Базовый,0
18013,15,28.03.2021,Unity,0
18014,14,28.03.2021,Unity,0
18019,12,28.03.2021,Python Базовый,0
18021,13,21.03.2021,Веб-дизайн,0
18028,13,28.03.2021,Python Базовый,0
18029,14,21.03.2021,Python Базовый,0
18039,17,14.03.2021,Веб-дизайн,1
18040,13,28.03.2021,Unity,0
18041,12,28.03.2021,Python Базовый,0
18043,11,28.03.2021,Python Базовый,0
18044,11,28.03.2021,Python Базовый,0
18047,12,28.03.2021,Python Базовый,0
18049,14,28.03.2021,Python Базовый,0
18051,14,21.03.2021,Python Базовый,0
18052,13,21.03.2021,Python Базовый,0
18053,13,14.03.2021,Python Базовый,1
18054,,21.03.2021,Python Базовый,0
18055,12,28.03.2021,Python Базовый,0
18060,14,28.03.2021,Веб-дизайн,0
18063,16,21.03.2021,Веб-дизайн,0
18071,14,28.03.2021,Python Базовый,0
18072,15,21.03.2021,Python Базовый,0
18073,12,28.03.2021,Python Базовый,0
18075,10,14.03.2021,Python Базовый,1
18081,12,28.03.2021,Python Базовый,0
18082,12,21.03.2021,Python Базовый,0
18088,13,28.03.2021,Python Базовый,0
18095,12,28.03.2021,Python Базовый,0
18104,12,28.03.2021,Python Базовый,0
18105,16,28.03.2021,Python Базовый,0
18107,13,28.03.2021,Python Базовый,0
18112,12,28.03.2021,Python Базовый,0
18114,15,21.03.2021,Веб-дизайн,0
18117,13,21.03.2021,Python Базовый,0
18118,12,28.03.2021,Python Базовый,0
18120,13,28.03.2021,Python Базовый,0
18125,14,28.03.2021,Python Базовый,0
18128,15,28.03.2021,Python Базовый,0
18129,14,28.03.2021,Python Базовый,0
18132,11,28.03.2021,Python Базовый,0
18136,13,28.03.2021,Python Базовый,0
18142,14,21.03.2021,Python Базовый,0
18148,16,28.03.2021,Python Базовый,0
18149,13,21.03.2021,Python Базовый,0
18150,15,21.03.2021,Python Базовый,0
18151,11,28.03.2021,Python Базовый,0
18152,10,28.03.2021,Python Базовый,0
18153,11,28.03.2021,Python Базовый,0
18156,12,28.03.2021,Python Базовый,0
18163,10,28.03.2021,Python Базовый,0
18174,15,21.03.2021,Unity,0
18176,16,21.03.2021,Веб-дизайн,0
18177,13,28.03.2021,Python Базовый,0
18180,12,28.03.2021,Python Базовый,0
18182,12,28.03.2021,Python Базовый,0
18184,16,28.03.2021,Python Базовый,0
18187,13,21.03.2021,Веб-дизайн,0
18190,13,28.03.2021,Unity,0
18191,14,28.03.2021,Веб-дизайн,0
18198,10,28.03.2021,Python Базовый,0
18208,13,28.03.2021,Unity,0
18209,10,21.03.2021,Python Базовый,0
18218,12,28.03.2021,Python Базовый,0
18220,15,28.03.2021,Python Базовый,0
18224,9,28.03.2021,Python Базовый,0
18226,13,28.03.2021,Веб-дизайн,0
18227,11,21.03.2021,Python Базовый,0
18231,12,28.03.2021,Python Базовый,0
18234,15,21.03.2021,Веб-дизайн,0
18237,12,28.03.2021,Python Базовый,0
18238,13,28.03.2021,Unity,0
18240,16,28.03.2021,Веб-дизайн,0
18242,14,28.03.2021,Python Базовый,0
18245,13,28.03.2021,Python Базовый,0
18246,13,28.03.2021,Python Базовый,0
18247,11,28.03.2021,Python Базовый,0
18252,14,28.03.2021,Python Базовый,0
18254,14,21.03.2021,Python Базовый,0
18256,15,28.03.2021,Веб-дизайн,0
18261,12,28.03.2021,Python Базовый,0
18265,12,21.03.2021,Unity,0
18268,8,21.03.2021,Python Базовый,0
18270,15,28.03.2021,Веб-дизайн,0
18271,12,28.03.2021,Python Базовый,0
18275,16,28.03.2021,Python Базовый,0
18276,13,28.03.2021,Python Базовый,0
18279,12,14.03.2021,Unity,1
18280,15,28.03.2021,Unity,0
18284,14,28.03.2021,Python Базовый,0
18286,14,21.03.2021,Веб-дизайн,0
18288,13,28.03.2021,Unity,0
18289,11,28.03.2021,Python Базовый,0
18291,15,21.03.2021,Веб-дизайн,0
18294,12,28.03.2021,Веб-дизайн,0
18305,10,28.03.2021,Python Базовый,0
18307,13,28.03.2021,Python Базовый,0
18309,13,28.03.2021,Python Базовый,0
18310,12,28.03.2021,Python Базовый,0
18315,12,21.03.2021,Веб-дизайн,0
18317,14,21.03.2021,Python Базовый,0
18321,13,28.03.2021,Python Базовый,0
18323,12,28.03.2021,Python Базовый,0
18326,14,21.03.2021,Python Базовый,0
18328,16,28.03.2021,Python Базовый,0
18331,11,28.03.2021,Python Базовый,0
18335,14,28.03.2021,Веб-дизайн,0
18336,16,28.03.2021,Веб-дизайн,0
18338,14,28.03.2021,Веб-дизайн,0
18341,12,28.03.2021,Веб-дизайн,0
18344,13,28.03.2021,Python Базовый,0
18345,15,28.03.2021,Unity,0
18346,14,28.03.2021,Python Базовый,0
18348,14,28.03.2021,Веб-дизайн,0
18349,14,21.03.2021,Веб-дизайн,0
18350,,28.03.2021,Python Базовый,0
18354,15,28.03.2021,Python Базовый,0
18357,12,28.03.2021,Python Базовый,0
18360,12,28.03.2021,Веб-дизайн,0
18371,11,28.03.2021,Python Базовый,0
18372,12,28.03.2021,Python Базовый,0
18374,16,28.03.2021,Unity,0
18378,14,28.03.2021,Python Базовый,0
18382,14,28.03.2021,Веб-дизайн,0
18383,17,21.03.2021,Веб-дизайн,0
18384,15,28.03.2021,Python Базовый,0
18386,14,21.03.2021,Python Базовый,0
18389,16,28.03.2021,Веб-дизайн,0
18391,,28.03.2021,Python Базовый,0
18392,14,21.03.2021,Веб-дизайн,0
18393,12,28.03.2021,Unity,0
18395,11,28.03.2021,Python Базовый,0
18399,13,21.03.2021,Python Базовый,0
18400,11,28.03.2021,Python Базовый,0
18402,15,21.03.2021,Веб-дизайн,0
18407,13,28.03.2021,Python Базовый,0
18416,,21.03.2021,Unity,0
18423,11,28.03.2021,Python Базовый,0
18426,14,21.03.2021,Python Базовый,0
18428,13,28.03.2021,Unity,0
18430,13,28.03.2021,Python Базовый,0
18436,15,28.03.2021,Python Базовый,0
18447,15,21.03.2021,Веб-дизайн,0
18448,12,21.03.2021,Python Базовый,0
18451,16,21.03.2021,Unity,0
18453,14,28.03.2021,Python Базовый,0
18456,12,28.03.2021,Веб-дизайн,0
18457,14,28.03.2021,Python Базовый,0
18458,13,28.03.2021,Python Базовый,0
18464,12,21.03.2021,Python Базовый,0
18468,11,28.03.2021,Python Базовый,0
18470,14,28.03.2021,Python Базовый,0
18476,15,28.03.2021,Python Базовый,0
18480,14,21.03.2021,Unity,0
18482,14,28.03.2021,Python Базовый,0
18484,14,28.03.2021,Python Базовый,0
18503,13,28.03.2021,Python Базовый,0
18504,14,28.03.2021,Python Базовый,0
18505,12,28.03.2021,Python Базовый,0
18508,11,28.03.2021,Python Базовый,0
18517,16,21.03.2021,Веб-дизайн,0
18520,16,21.03.2021,Веб-дизайн,0
18522,15,28.03.2021,Python Базовый,0
18525,12,28.03.2021,Python Базовый,0
18528,16,28.03.2021,Python Базовый,0
18530,11,28.03.2021,Python Базовый,0
18531,14,28.03.2021,Python Базовый,0
18536,16,28.03.2021,Веб-дизайн,0
18538,12,28.03.2021,Python Базовый,0
18540,12,28.03.2021,Python Базовый,0
18542,12,28.03.2021,Python Базовый,0
18543,13,28.03.2021,Python Базовый,0
18547,,28.03.2021,Веб-дизайн,0
18550,11,28.03.2021,Python Базовый,0
18552,13,28.03.2021,Python Базовый,0
18553,14,28.03.2021,Python Базовый,0
18554,15,28.03.2021,Python Базовый,0
18556,14,28.03.2021,Unity,0
18557,13,28.03.2021,Веб-дизайн,0
18558,12,28.03.2021,Python Базовый,0
18564,11,28.03.2021,Python Базовый,0
18568,11,21.03.2021,Python Базовый,0
18570,11,28.03.2021,Python Базовый,0
18571,11,28.03.2021,Python Базовый,0
18585,16,28.03.2021,Unity,0
18587,13,21.03.2021,Веб-дизайн,0
18596,12,28.03.2021,Python Базовый,0
18602,13,28.03.2021,Python Базовый,0
18604,12,28.03.2021,Python Базовый,0
18608,11,21.03.2021,Python Базовый,0
18609,13,28.03.2021,Python Базовый,0
18610,14,28.03.2021,Python Базовый,0
18616,13,28.03.2021,Unity,0
18617,12,28.03.2021,Python Базовый,0
18618,12,28.03.2021,Python Базовый,0
18634,12,28.03.2021,Python Базовый,0
18635,12,28.03.2021,Python Базовый,0
18639,,28.03.2021,Python Базовый,0
18641,12,28.03.2021,Python Базовый,0
18644,11,28.03.2021,Python Базовый,0
18646,14,21.03.2021,Веб-дизайн,0
18662,12,28.03.2021,Python Базовый,0
18665,13,28.03.2021,Веб-дизайн,0
18667,12,28.03.2021,Python Базовый,0
18671,12,28.03.2021,Python Базовый,0
18672,16,21.03.2021,Веб-дизайн,0
18675,16,28.03.2021,Unity,0
18687,13,28.03.2021,Веб-дизайн,0
18697,14,28.03.2021,Python Базовый,0
18717,13,28.03.2021,Python Базовый,0
18720,12,28.03.2021,Python Базовый,0
18721,11,28.03.2021,Python Базовый,0
18723,15,28.03.2021,Python Базовый,0
18726,13,28.03.2021,Веб-дизайн,0
18732,12,28.03.2021,Python Базовый,0
18737,12,28.03.2021,Unity,0
18743,13,28.03.2021,Python Базовый,0
18744,12,28.03.2021,Python Базовый,0
18746,13,28.03.2021,Python Базовый,0
18754,13,28.03.2021,Python Базовый,0
18756,12,28.03.2021,Веб-дизайн,0
18763,14,28.03.2021,Python Базовый,0
18764,10,28.03.2021,Unity,0
18765,13,28.03.2021,Unity,0
18771,12,28.03.2021,Python Базовый,0
18778,11,28.03.2021,Python Базовый,0
18780,16,21.03.2021,Веб-дизайн,0
18782,13,28.03.2021,Веб-дизайн,0
18786,15,28.03.2021,Python Базовый,0
18790,12,28.03.2021,Python Базовый,0
18791,12,28.03.2021,Python Базовый,0
18810,12,28.03.2021,Python Базовый,0
18817,14,28.03.2021,Python Базовый,0
18822,14,28.03.2021,Python Базовый,0
18824,12,28.03.2021,Python Базовый,0
18825,14,28.03.2021,Unity,0
18834,14,28.03.2021,Unity,0
18836,14,28.03.2021,Python Базовый,0
18838,15,28.03.2021,Unity,0
18840,11,28.03.2021,Python Базовый,0
18842,14,28.03.2021,Python Базовый,0
18849,13,28.03.2021,Python Базовый,0
18860,11,28.03.2021,Python Базовый,0
18861,13,28.03.2021,Python Базовый,0
18862,13,28.03.2021,Python Базовый,0
18864,13,28.03.2021,Python Базовый,0
18876,14,28.03.2021,Веб-дизайн,0
18877,13,28.03.2021,Веб-дизайн,0
18882,12,28.03.2021,Python Базовый,0
18891,13,28.03.2021,Веб-дизайн,0
18892,13,28.03.2021,Python Базовый,0
18893,12,28.03.2021,Python Базовый,0
18897,12,28.03.2021,Python Базовый,0
18900,,28.03.2021,Веб-дизайн,0
18903,14,21.03.2021,Python Базовый,1
18908,13,28.03.2021,Python Базовый,0
18910,15,28.03.2021,Python Базовый,0
18912,15,21.03.2021,Веб-дизайн,0
18916,14,28.03.2021,Python Базовый,0
18931,14,28.03.2021,Python Базовый,0
18943,12,28.03.2021,Веб-дизайн,0
18958,14,28.03.2021,Python Базовый,0
18959,15,28.03.2021,Python Базовый,0
18966,14,28.03.2021,Unity,0
18971,15,28.03.2021,Python Базовый,0
18976,14,28.03.2021,Unity,0
18977,13,28.03.2021,Unity,0
18983,12,28.03.2021,Python Базовый,0
18986,14,28.03.2021,Unity,0
18988,13,28.03.2021,Python Базовый,0
18990,,28.03.2021,Python Базовый,0
18995,14,28.03.2021,Python Базовый,0
19006,13,28.03.2021,Python Базовый,0
19013,12,28.03.2021,Python Базовый,0
19016,11,28.03.2021,Python Базовый,0
19019,8,21.03.2021,Python Базовый,0
19021,13,28.03.2021,Python Базовый,0
19027,11,28.03.2021,Python Базовый,0
19028,12,28.03.2021,Python Базовый,0
19031,11,28.03.2021,Python Базовый,0
19032,12,28.03.2021,Python Базовый,0
19045,12,28.03.2021,Python Базовый,0
19051,15,28.03.2021,Python Базовый,0
19059,14,28.03.2021,Python Базовый,0
19075,15,28.03.2021,Python Базовый,0
19079,15,28.03.2021,Python Базовый,0
19083,14,28.03.2021,Python Базовый,0
19092,12,28.03.2021,Python Базовый,0
19113,14,28.03.2021,Unity,0
19118,,28.03.2021,Python Базовый,0
19119,12,28.03.2021,Python Базовый,0
19121,15,28.03.2021,Python Базовый,0
19126,17,28.03.2021,Веб-дизайн,0
19127,11,28.03.2021,Python Базовый,0
19131,14,28.03.2021,Python Базовый,0
19141,13,28.03.2021,Python Базовый,0
19142,14,28.03.2021,Python Базовый,0
19153,16,28.03.2021,Python Базовый,0
19169,12,28.03.2021,Python Базовый,0
19174,14,28.03.2021,Python Базовый,0
19187,13,28.03.2021,Unity,0
19191,12,28.03.2021,Python Базовый,0
19196,13,28.03.2021,Python Базовый,0
19197,12,28.03.2021,Python Базовый,0
19201,,28.03.2021,Python Базовый,0
19202,14,28.03.2021,Python Базовый,0
19207,17,28.03.2021,Unity,0
19217,12,28.03.2021,Python Базовый,0
19226,13,28.03.2021,Python Базовый,0
19232,13,28.03.2021,Unity,0
19236,14,28.03.2021,Python Базовый,0
19237,,28.03.2021,Веб-дизайн,0
19241,,28.03.2021,Python Базовый,0
19243,13,28.03.2021,Python Базовый,0
19245,13,28.03.2021,Python Базовый,0
19248,12,28.03.2021,Python Базовый,0
19252,13,28.03.2021,Unity,0
19258,12,28.03.2021,Python Базовый,0
19259,11,28.03.2021,Python Базовый,0
19262,15,28.03.2021,Unity,0
19273,11,28.03.2021,Python Базовый,0
19277,,28.03.2021,Python Базовый,0
19286,14,28.03.2021,Веб-дизайн,0
19294,11,28.03.2021,Python Базовый,0
19296,14,28.03.2021,Python Базовый,0
19303,13,28.03.2021,Python Базовый,0
19313,14,28.03.2021,Веб-дизайн,0
19326,13,28.03.2021,Unity,0
19330,14,28.03.2021,Python Базовый,0
19348,17,28.03.2021,Unity,0
19349,13,28.03.2021,Python Базовый,0
19360,13,28.03.2021,Python Базовый,0
19364,14,28.03.2021,Python Базовый,0
19368,16,28.03.2021,Python Базовый,0
19373,,28.03.2021,Python Базовый,0
19375,14,28.03.2021,Unity,0
19393,12,28.03.2021,Python Базовый,0
19405,12,28.03.2021,Веб-дизайн,0
19409,12,28.03.2021,Python Базовый,0
19431,14,28.03.2021,Python Базовый,0
19453,13,28.03.2021,Веб-дизайн,0
19464,14,28.03.2021,Python Базовый,0
19555,14,28.03.2021,Веб-дизайн,0
19561,14,28.03.2021,Веб-дизайн,0
19563,14,28.03.2021,Unity,0
19570,14,28.03.2021,Веб-дизайн,0
19613,13,28.03.2021,Python Базовый,0
19630,12,28.03.2021,Python Базовый,0
19746,14,28.03.2021,Unity,0
19768,15,28.03.2021,Веб-дизайн,1
19815,14,28.03.2021,Python Базовый,0